Workbook

Sheet 12м
C1: Предварительная ведомость материалов | H1: Укажите тип обшивки
A3: Проектно-расчетный отдел | H3: наружная | I3: 2
H4: внутренняя | I4: 0
B5: Снег/Ветер : | C5: 3 | D5: 2 | F5: ТЗ № | G5: 22285 | O5: к/б
A6: место стр | B6: Коркино | H6: нет обшивки | J6: 0
A7: обьект | B7: Ангар | F7: =IF(I13=1,"альбом","проект") -> альбом | H7: оцинкованный профлист | J7: 1 | M7: шаг | N7: выс | O7: 2ур | P7: 3ур
B8: Пролет, м : | C8: 18 | F8: ур. отв | G8: 2 | H8: окрашенный профлист | J8: 2 | L8: 3сн | M8: 6 | N8: 6 | O8: (2,5/2,5) | P8: (2/2)
B9: Длина, м : | C9: 48 | F9: Ст.огн. | G9: 5 | H9: сайдинг (горизонт) | J9: 3 | N9: 3 | O9: (1,5/2,5) | P9: (1,5/2)
B10: Высота, м : | C10: 6 | H10: фасадная панель (верт.) | J10: 4 | L10: 4сн | M10: 5 | N10: 6 | O10: (2,5/2,5) | P10: (2/2)
A11: шаг рам, м : | C11: 4 | H11: ГВЛ | J11: 5 | N11: 3 | O11: (2/2,5) | P11: (1,5/2)
B12: наружная обшивка : | C12: СП | H12: Альбом-1 | I12: Выбрать 1или 2 | L12: 5сн | M12: 5 | N12: 6 | O12: (2,5/3) | P12: (2/2,5)
B13: внутренняя обшивка : | C13: нет | H13: Проект-2 | I13: 1 | J13: расчет балки | N13: 3 | O13: (2/3) | P13: (2/2,5)
D14: утепление кровли: | E14: 150 | F14: мм | J14: =15*3.14/180 -> 0.26166667 | M14: 2ур | N14: 3ур
D15: утепление стен: | E15: 100 | F15: мм | J15: =COS(J14) -> 0.96596017 | L15: 3сн | M15: =I36 -> ТПС 245х65х2 | N15: =I34 -> ТПС 200х65х2
I16: Кол.-во рам | J16: =C8/2/J15*2 -> 18.634309 | L16: шаг6
D17: перегородки | E17: =0 -> 0 | F17: м2 | I17: =CEILING(C9/C11+1,1) -> 13 | L17: 4сн | M17: =I34 -> ТПС 200х65х2 | N17: =I32 -> ТПС 200х2
A18: МАТЕРИАЛЫ ЗАО "ИНСИ" | I18: эл. Рамы | J18: цена п м | K18: вес пм | L18: шаг5
A19: № п.п. | B19: наименование | C19: кол-во | D19: ед. изм | E19: цена ед. | F19: цена | G19: общий вес, кг | H19: вес элемента,кг | I19: ПГС-S 300х80х1,5 | J19: =[1]Основные!$F$342 -> 1043.7 | K19: 5.974 | L19: 5сн | M19: =I36 -> ТПС 245х65х2 | N19: =I34 -> ТПС 200х65х2
A20: 1 | B20: Каркас | I20: ПГС-S 300х80х2 | J20: =[1]Основные!$F$343 -> 1370.25 | K20: 7.913 | L20: шаг5
A21: б | B21: ПГС-сигма 300х80х3 | C21: =I17*(J16)*2 -> 484.49203 | D21: п.м. | E21: ='[2]ПГС и ТПГС'!$H$224 -> 1712.55 | F21: =C21*E21 -> 829716.82 | G21: =C21*H21 -> 5668.5567 | H21: 11.7 | I21: ПГС-S 300х80х2,5 | J21: =[1]Основные!$F$344 -> 1693.65 | K21: 9.668
A22: к | B22: ПГС -сигма 245х80х2,5 | C22: =I17*4*(C10-0.07) -> 308.36 | D22: п.м. | E22: ='[2]ПГС и ТПГС'!$H$204 -> 1289.4 | F22: =C22*E22 -> 397599.38 | G22: =C22*H22 -> 2682.732 | H22: 8.7 | I22: ПГС-S 300х80х3 | J22: =[1]Основные!$F$345 -> 2020.2 | K22: 11.744
A23: р | B23: =I26 -> ПГС 145х70х2 | C23: =3*C9*0 -> 0 | D23: п.м. | E23: =J26 -> 833.7 | H23: =K26 -> 4.82 | I23: ПГС 145х50х1,5 | J23: =[1]Основные!$F$294 -> 532.35 | K23: 3.07
A24: 390/1,51 | B24: ПС 145х45х1,5 | C24: =7*2*2*C9+2*C9*0 -> 1344 | D24: п.м. | E24: =[2]ПС!$D$15 -> 429 | F24: =C24*E24 -> 576576 | G24: =C24*H24 -> 3964.8 | H24: 2.95 | I24: ПГС 145х50х2 | J24: =[1]Основные!$F$295 -> 704.55 | K24: 4.08
A25: с/з | B25: ПП150х1,5 | C25: =2*(C9+1)*0 -> 0 | D25: п.м. | E25: =[3]ПП!$H$42 -> 405.3 | F25: =C25*E25 -> 0 | G25: =C25*H25 -> 0 | H25: 2.7 | I25: ПГС 145х70х1,5 | J25: =[1]Основные!$F$299 -> 630 | K25: 3.64
A26: вод | B26: ПС 145х1,5 | C26: =4*C9 -> 192 | D26: п.м. | E26: =[2]ПС!$H$15 -> 450.45 | F26: =C26*E26 -> 86486.4 | G26: =C26*H26 -> 566.4 | H26: 2.95 | I26: ПГС 145х70х2 | J26: =[1]Основные!$F$301 -> 833.7 | K26: 4.82
A27: тяж | B27: Лист пл. оц. 1мм (тяж) | C27: =I17*2*C8*0.05*1.1*2 -> 51.48 | D27: м2 | E27: ='[2]Профлист,доборы'!$E$24 -> 782.8 | F27: =C27*E27 -> 40298.544 | G27: =C27*H27 -> 409.266 | H27: 7.95
B28: =I43 -> ПШ 61х1 | C28: =2*(C8+2*C10)*1.1 -> 66 | D28: п.м. | E28: ='[2]Профлист,доборы'!$E$64 -> 200 | F28: =C28*E28 -> 13200 | G28: =C28*H28 -> 107.448 | H28: 1.628
B29: Фс11, Фс14 | C29: =I17*(C8+2*C10)/0.6 -> 650 | D29: шт. | E29: =[1]Основные!$D$544 -> 291 | F29: =C29*E29 -> 189150 | G29: =C29*H29 -> 910 | H29: 1.4 | I29: ТПС 150х1,5 | J29: =[1]Основные!$D$259 -> 507 | K29: 2.86
B30: Фс12 | C30: =2*C29 -> 1300 | D30: шт. | E30: =[1]Основные!$D$545 -> 114 | F30: =C30*E30 -> 148200 | G30: =C30*H30 -> 650 | H30: 0.5 | I30: ТПС 150х65х1,5 | J30: =[1]Основные!$D$265 -> 570 | K30: 3.338
B31: Накладные расходы: | C31: 0.02 | F31: =SUM(F21:F30)*C31 -> 45624.543 | I31: ТПС 200х1,5 | J31: =[1]Основные!$D$277 -> 604 | K31: 3.457
B32: Итого каркас | F32: =SUM(F21:F31) -> 2326851.7 | G32: =SUM(G21:G31) -> 14959.203 | I32: ТПС 200х2 | J32: =[1]Основные!$D$278 -> 779 | K32: 4.529 | M32: Прогоны без проц
A33: 2 | B33: Стены | I33: ТПС 200х65х1,5 | J33: =[1]Основные!$D$284 -> 666 | K33: 3.936
B34: ПС 245х65х1,5 | D34: п.м. | E34: =J39 -> 476.7 | F34: =C34*E34 -> 0 | G34: =C34*H34 -> 0 | H34: =K37 -> 1.406 | I34: ТПС 200х65х2 | J34: =[1]Основные!$D$285 -> 882 | K34: 5.164
B35: ПС 245х65х1,2 окр. | C35: =0 -> 0 | D35: п.м. | E35: =1197*1.05 -> 1256.85 | F35: =C35*E35 -> 0 | G35: =C35*H35 -> 0 | H35: 3.7 | I35: ТПС 245х65х1,5 | J35: =[1]Основные!$D$288 -> 753 | K35: 4.473
B36: ПС 145х1,5 окр. | C36: =0 -> 0 | D36: п.м. | E36: =975*1.05 -> 1023.75 | F36: =C36*E36 -> 0 | G36: =C36*H36 -> 0 | H36: 3.66 | I36: ТПС 245х65х2 | J36: =[1]Основные!$D$289 -> 997 | K36: 5.8
B37: ПС 145х1,2 окр. | C37: =0 -> 0 | D37: п.м. | E37: =796*1.05 -> 835.8 | F37: =C37*E37 -> 0 | G37: =C37*H37 -> 0 | H37: 3.09 | I37: ТПП 110х1 | J37: =[1]Основные!$F$215 -> 218.4 | K37: 1.406 | L37: ТПП 110х1,2 | M37: =[1]Основные!$F$216 -> 302.4 | N37: 1.69
B38: У.115 внутр.2м МП | C38: =(3*C9+2*C8)/1.9 -> 94.736842 | D38: шт | E38: ='[4]Профлист,доборы'!$E$42 -> 800 | F38: =C38*E38 -> 75789.474 | G38: =C38*H38 -> 85.263158 | H38: 0.9 | I38: ТПП 150х1 | J38: =[1]Основные!$F$227 -> 262.5 | K38: 1.727
B39: У 115 наруж.2м. МП | C39: =4*C10/1.9 -> 12.631579 | D39: шт. | E39: =E38 -> 800 | F39: =C39*E39 -> 10105.263 | G39: =C39*H39 -> 29.052632 | H39: 2.3 | I39: ТПП 150х1,5 | J39: =[1]Основные!$F$229 -> 476.7 | K39: 2.559 | L39: ТПП 150х1,2 | M39: =[1]Основные!$F$228 -> 362.25 | N39: 2.02
A40: =IF(I3=2,"нар.окр","нар. оц") -> нар.окр | B40: =L54 -> С-18 0,5мм | C40: =(C8*2+C9*2)*(C10+0.5)*1.1*0+C8*2*1.1*0 -> 0 | D40: м2 | E40: ='[5]Профлист,Сайдинг,доборы (МП, (2'!$E$18 -> 550.85 | F40: =E40*C40 -> 0 | G40: =H40*C40 -> 0 | H40: =N54 -> 5.3 | I40: ТПП 200х1 | J40: =[1]Основные!$F$239 -> 318.15 | K40: 2.118
B41: =L64 -> КФ | C41: =IF(I3=J10,2*(C8+C9)*C10*1.2+C9*2.5*1.2,0) -> 0 | D41: м2 | E41: =M64 -> 1868 | F41: =C41*E41 -> 0 | G41: =C41*H41 -> 0 | H41: =O63 -> 5 | I41: ТПС 145х1,5 | J41: =[1]Основные!$F$253 -> 521.85 | K41: 2.8
A42: =IF(I4=2,"вн.ок","вн.оц") -> вн.оц | B42: =L54 -> С-18 0,5мм | C42: =C40*0 -> 0 | D42: м2 | E42: =M54 -> 810 | H42: =N54 -> 5.3 | I42: ТПС 195х1,5 | J42: =[1]Основные!$F$273 -> 618.45 | K42: 3.09
B43: Накладные расходы: | C43: 0.02 | F43: =SUM(F34:F42)*C43 -> 1717.8947 | I43: ПШ 61х1 | J43: =[1]Основные!$F$352 -> 223 | K43: 1.63
B44: Итого стены | F44: =SUM(F34:F43) -> 87612.632 | G44: =SUM(G34:G43) -> 114.31579 | I44: ПШ 28х0,7 | J44: =[1]Основные!$F$350 -> #N/A | K44: 0.78
A45: 3 | B45: Перкрытие | I45: ПШ 40х1 | J45: =[1]Основные!$F$355 -> 190 | K45: 1.4
A46: гл.б | B46: =I22 -> ПГС-S 300х80х3 | C46: =2*C8*I17 -> 468 | D46: п.м. | E46: =J22 -> 2020.2 | H46: =K22 -> 11.744
A47: вт.б | B47: =I19 -> ПГС-S 300х80х1,5 | C47: =(C8/1.5+1)*C9 -> 624 | D47: п.м. | E47: =J19 -> 1043.7 | H47: =K19 -> 5.974
A48: ст | B48: =I20 -> ПГС-S 300х80х2 | C48: =(I17-2)*2*2*C10/2 -> 132 | D48: п.м. | E48: =J20 -> 1370.25 | H48: =K20 -> 7.913
B49: С-44 0,7 оц | C49: =C8*C9*1.1 -> 950.4 | D49: м2 | E49: =N67 -> 924.6115 | H49: 7
B50: Фс11, Фс14 | C50: =(C46+C48)/2/0.6 -> 500 | D50: шт. | E50: =E29 -> 291 | H50: 1.4
B51: Фс12 | C51: =2*C50 -> 1000 | D51: шт. | E51: =E30 -> 114 | H51: 0.5
B52: Накладные расходы: | C52: 0.02 | F52: =SUM(F46:F51)*C52 -> 0
B53: Итого перекрытие | F53: =SUM(F46:F52) -> 0 | G53: =SUM(G46:G52) -> 0
A54: 3 | B54: Перегородки | L54: С-18 0,5мм | M54: =[1]Основные!$F$34 -> 810 | N54: =[1]Основные!$G$34 -> 5.3
B55: ТПП 110х1 | C55: =IF(E17>0,D174+D175,0)*0 -> 0 | D55: п.м. | E55: =J37 -> 218.4 | F55: =C55*E55 -> 0 | G55: =C55*H55 -> 0 | H55: =K37 -> 1.406 | L55: элемент | M55: руб/м.кв(окр) | N55: руб/м.кв(оц) | O55: вес кг/м.кв.
A56: окр | B56: =L58 -> МП 20 0,5мм | C56: =IF(E17>0,E17*2*1.1,0)*0 -> 0 | D56: п.м. | E56: =M58 -> 787.75 | F56: =C56*E56 -> 0 | G56: =C56*H56 -> 0 | H56: =O58 -> 5.3 | L56: С-13 0,5мм | M56: =[1]Основные!$D$29 -> #N/A | N56: =[1]Основные!$D$31 -> #N/A | O56: 4.6
B57: Накладные расходы: | C57: 0.02 | F57: =SUM(F55:F56)*C57 -> 0
B58: Итого перегородки | F58: =SUM(F55:F57) -> 0 | G58: =SUM(G55:G57) -> 0 | L58: МП 20 0,5мм | M58: =[1]Основные!$F$74 -> 787.75 | N58: =[1]Основные!$F$75 -> 590.4445 | O58: 5.3
A59: 3 | B59: Водосток | E59: ф 150мм | I59: ф100
B60: Труба | C60: =C65*C10 -> 60 | D60: п.м. | E60: ='[6]Водосток(МП)'!$E$15 -> 625 | F60: =E60*C60 -> 37500 | G60: =H60*C60 -> 90 | H60: 1.5 | I60: =[1]Основные!$F$130 -> 585 | L60: С-8 0,5 мм | M60: =[1]Основные!$F$26 -> 1 | N60: =[1]Основные!$F$23 -> 555 | O60: 4.6
B61: Желоб | C61: =2*C9 -> 96 | D61: п.м. | E61: ='[6]Водосток(МП)'!$E$16 -> 425 | F61: =E61*C61 -> 40800 | G61: =H61*C61 -> 144 | H61: 1.5 | I61: =[1]Основные!$F$129 -> 466
B62: Держатель трубы | C62: =C60/2 -> 30 | D62: шт. | E62: ='[6]Водосток(МП)'!$E$17 -> 265 | F62: =E62*C62 -> 7950 | G62: =H62*C62 -> 15 | H62: 0.5 | I62: =[1]Основные!$F$132 -> 351 | L62: Сайдинг | M62: =[1]Основные!$F$86 -> 1035
B63: Держатель желоба | C63: =C61/0.7 -> 137.14286 | D63: шт. | E63: ='[6]Водосток(МП)'!$E$18 -> 325 | F63: =E63*C63 -> 44571.429 | G63: =H63*C63 -> 68.571429 | H63: 0.5 | I63: =I62 -> 351 | L63: ПФ | M63: =[1]Основные!$F$16 -> 1255 | O63: 5
B64: Заглушка желоба | C64: =4 -> 4 | D64: шт. | E64: ='[6]Водосток(МП)'!$E$19 -> 90 | F64: =E64*C64 -> 360 | G64: =H64*C64 -> 2 | H64: 0.5 | I64: =[1]Основные!$F$134 -> 129 | L64: КФ | M64: =[1]Основные!$F$11 -> 1868
B65: Колено сливное | C65: =CEILING(C8*C9/100,2) -> 10 | D65: шт. | E65: ='[6]Водосток(МП)'!$E$20 -> 410 | F65: =E65*C65 -> 4100 | G65: =H65*C65 -> 5 | H65: 0.5 | I65: =[1]Основные!$F$131 -> 463 | L65: С-44 0,5мм | M65: =[1]Основные!$F$80 -> 868.25 | N65: =[1]Основные!$F$81 -> 648.531 | O65: 5.3
B66: Колено угловое | C66: =2*C65 -> 20 | D66: шт. | E66: ='[6]Водосток(МП)'!$E$21 -> 410 | F66: =E66*C66 -> 8200 | G66: =H66*C66 -> 10 | H66: 0.5 | I66: =I65 -> 463
B67: Соединитель желоба | C67: =C61/5 -> 19.2 | D67: шт. | E67: ='[6]Водосток(МП)'!$E$22 -> 345 | F67: =E67*C67 -> 6624 | G67: =H67*C67 -> 9.6 | H67: 0.5 | I67: =[1]Основные!$F$133 -> 64 | L67: С-44 0,7мм | M67: =[1]Основные!$F$83 -> 1265 | N67: =[1]Основные!$F$84 -> 924.6115 | O67: 7.4
B68: Патрубок | C68: =C65 -> 10 | D68: шт. | E68: ='[6]Водосток(МП)'!$E$23 -> 531 | F68: =E68*C68 -> 5310 | G68: =H68*C68 -> 5 | H68: 0.5 | I68: =[1]Основные!$F$135 -> 352
B69: Накладные расходы: | C69: 0.02 | F69: =SUM(F60:F68)*C69 -> 3108.3086 | L69: Н-60 0,7 | M69: =[7]Источник!$G$56 -> 0 | N69: =[7]Источник!$G$52 -> 0 | O69: 8.8
B70: ИТОГО водосток | F70: =SUM(F60:F69) -> 158523.74 | G70: =SUM(G60:G69) -> 349.17143
A71: 4 | B71: Кровля | L71: Н-35 0,7 | M71: =[7]Источник!$G$69 -> 0 | O71: 7.4
B72: Лист 0.7мм оц | C72: =C9*0.5*1.1 -> 26.4 | D72: м2 | E72: ='[2]Профлист,доборы'!$E$23 -> 603.84 | F72: =C72*E72 -> 15941.376 | G72: =C72*H72 -> 147.84 | H72: 5.6
B73: Конек плоский (2м) | C73: =CEILING(C9/1.9,1) -> 26 | D73: шт. | E73: ='[2]Профлист,доборы'!$E$53 -> 1692 | F73: =C73*E73 -> 43992 | G73: =C73*H73 -> 44.2 | H73: 1.7 | I73: элемент | J73: ок р/шт | K73: оц р/шт | L73: вес кг/п.м
B74: вент. Конька | C74: =M90/4*0 -> 0 | D74: шт. | E74: ='[2]Профлист,доборы'!$E$54 -> 732 | H74: 5
B75: Фронтон (2м) | C75: =CEILING(2*C8/1.8,1) -> 20 | D75: шт. | E75: ='[2]Профлист,доборы'!$E$54 -> 732 | F75: =C75*E75 -> 14640 | G75: =C75*H75 -> 33.24 | H75: 1.662 | I75: Конек | J75: =[1]Основные!$F$110 -> 1903.25 | K75: =[1]Основные!$F$111 -> 1575.5 | L75: 1.64
A76: =IF(I4=2,"вн.ок","вн.оц") -> вн.оц | B76: =L54 -> С-18 0,5мм | C76: =C8*C9*1.1*0 -> 0 | D76: м2 | E76: =M54 -> 810 | F76: =C76*E76 -> 0 | G76: =C76*H76 -> 0 | H76: =N54 -> 5.3 | I76: Фронон | J76: =[1]Основные!$F$113 -> 920 | K76: =[1]Основные!$F$114 -> 747.5 | L76: 1.03
A77: =IF(I3=2,"нар.ок","нар.оц") -> нар.ок | B77: =L67 -> С-44 0,7мм | C77: =(C8+0.6)*(C9+1)*1.1*0 -> 0 | D77: м2 | E77: ='[5]Профлист,Сайдинг,доборы (МП, (2'!$E$15 -> 804.01 | F77: =C77*E77 -> 0 | G77: =C77*H77 -> 0 | H77: =O67 -> 7.4 | I77: Уголок 50х50 вн | J77: =[1]Основные!$F$100 -> 736 | K77: =[1]Основные!$F$102 -> #N/A | L77: 0.93
B78: Снегозадержатель | C78: =(2*C9/1.4)*0 -> 0 | D78: шт. | E78: ='[2]Профлист,доборы'!$E$59 -> 1807 | F78: =C78*E78 -> 0 | G78: =C78*H78 -> 0 | H78: 4 | I78: Уголок 50х50 нар | J78: =[1]Основные!$F$100 -> 736 | L78: 0.93
B79: Уплотнитель (2м) | C79: =2*C73 -> 52 | D79: шт. | E79: ='[2]Профлист,доборы'!$E$57 -> 612 | F79: =C79*E79 -> 31824 | G79: =C79*H79 -> 0 | I79: Уголок 85х85 вн | J79: =J80 -> 920 | K79: =[1]Основные!$F$107 -> 747.5 | L79: 2.3
B80: Накладные расходы: | C80: 0.02 | F80: =SUM(F72:F79)*C80 -> 2127.9475 | I80: Уголок 85х85 нар | J80: =[1]Основные!$F$103 -> 920 | K80: =[1]Основные!$F$104 -> 747.5 | L80: 2.3
B81: Итого кровля | F81: =SUM(F72:F80) -> 108525.32 | G81: =SUM(G72:G80) -> 225.28
C82: Итого материалы: | F82: =F32+F44+F81+F58+F70+F53 -> 2681513.4 | G82: =G32+G44+G81+G58+G70+G53 -> 15647.97
A83: ДОПОЛНИТЕЛЬНЫЕ МАТЕРИАЛЫ | K83: 120х3 | L83: 0.011
A84: 1 | B84: Каркас | I84: тр кв | J84: п.в,т/п.м | K84: 60х3 | L84: 0.00525
B85: Саморез 5,5x25 | C85: =K90*634 -> 8242 | D85: шт. | E85: =[4]Перекупные!$F$48 -> 2.2885 | F85: =C85*E85 -> 18861.817 | G85: =C85*H85 -> 35.4406 | H85: 0.0043 | I85: 80*4 | J85: =9.6/1000 -> 0.0096 | K85: 80х3 | L85: 0.0072
B86: Дюбель гвоздь 6х60 | C86: =(C9+C8)*2/0.5+1 -> 265 | D86: шт. | E86: =[4]Перекупные!$F$33 -> 1.6215 | F86: =C86*E86 -> 429.6975 | G86: =H86*C86 -> 1.272 | H86: 0.0048 | I86: 120*4 | J86: =14.57/1000 -> 0.01457 | K86: Средний вес фасонки | M86: Вес фасонок на раму
B87: Болт М12х40 | C87: =16*K90 -> 208 | D87: шт. | E87: =[4]Перекупные!$F$34 -> 11.661 | F87: =C87*E87 -> 2425.488 | G87: =H87*C87 -> 10.4 | H87: 0.05 | I87: 160*4 | J87: 0.0194 | L87: т | M87: 258 | N87: кг
B88: Гайка М12 | C88: =C87 -> 208 | D88: шт. | E88: =[4]Перекупные!$F$35 -> 5.129 | F88: =C88*E88 -> 1066.832 | G88: =H88*C88 -> 3.328 | H88: 0.016 | I88: 180*5 | J88: 0.02747 | M88: М16х50(на раму) | O88: =(292+30*(K90-2)/K90+12*8/K90+12*2/K90) -> 326.61538
B89: Шайба 12 | C89: =C87 -> 208 | D89: шт. | E89: =[4]Перекупные!$F$36 -> 0.9775 | F89: =C89*E89 -> 203.32 | G89: =H89*C89 -> 1.04 | H89: 0.005 | I89: уголки | K89: количество рам | M89: длина | N89: высота | O89: шаг
H90: 0 | I90: 63*5 | J90: =4.81/1000 -> 0.00481 | K90: =I17 -> 13 | L90: шт | M90: =C9 -> 48 | N90: =C10 -> 6 | O90: =C11 -> 4
H91: 0 | I91: 75*5 | J91: =5.8/1000 -> 0.0058
H92: 0 | I92: 80*6 | J92: =7.4/1000 -> 0.0074 | K92: гор.св/м | L92: =SQRT(4.5*4.5+O90*O90) -> 6.0207973
B93: Болт М16х50 | C93: =O88*K90 -> 4246 | D93: шт. | E93: =[4]Перекупные!$F$40 -> 27.3125 | F93: =C93*E93 -> 115968.87 | G93: =H93*C93 -> 509.52 | H93: 0.12 | I93: 90*6 | J93: =8.4/1000 -> 0.0084 | K93: дл верт св | L93: =SQRT(N90*N90+O90*O90) -> 7.2111026
B94: Гайка М16 | C94: =C93 -> 4246 | D94: шт. | E94: =[4]Перекупные!$F$41 -> 13.3515 | F94: =C94*E94 -> 56690.469 | G94: =H94*C94 -> 157.102 | H94: 0.037 | I94: 100*7 | J94: =10.79/1000 -> 0.01079 | K94: Количество распорок из трубы | N94: РАСПОРКИ ПГС
B95: Шайба 16 пруж | C95: =C93 -> 4246 | D95: шт. | E95: =[4]Перекупные!$F$42 -> 2.3805 | F95: =C95*E95 -> 10107.603 | G95: =H95*C95 -> 46.706 | H95: 0.011 | I95: 110*7 | J95: =11.89/1000 -> 0.01189 | K95: 3 | L95: шт | N95: 3
B96: Конструкции из труб | C96: =(4*(C10+0.5)*J87+L84*K95*C9+(8*2)*L92*L85*1.1+(2*2)*L93*L85*1.1)+0.856+J85*L156 -> 4.0486032 | D96: т | E96: =[2]Перекупные!$F$7 -> 137430 | F96: =C96*E96 -> 556399.53 | G96: =H96*C96 -> 4048.6032 | H96: 1000 | I96: 125*8 | J96: =15.5/1000 -> 0.0155
A97: =C96+C97+C98 -> 9.3073632 | B97: Уголок | C97: =((K90-2)*(C8)*2*J90) -> 1.90476 | D97: т | E97: =[2]Перекупные!$F$14 -> 166750 | F97: =C97*E97 -> 317618.73 | G97: =H97*C97 -> 1904.76 | H97: 1000 | I97: 140*9 | J97: =19.41/1000 -> 0.01941
B98: Лист | C98: =K90*M87/1000 -> 3.354 | D98: т | E98: =[2]Перекупные!$F$5 -> 137770 | F98: =C98*E98 -> 462080.58 | G98: =H98*C98 -> 3354 | H98: 1000 | J98: Легир Ме -45
B99: Накладные расходы: | C99: 0.02 | F99: =SUM(F85:F98)*C99 -> 30837.059 | I99: =A97/I147 -> 0.010772411 | J99: =[1]Перекупные!$F$12 -> 179400
B100: Итого каркас | F100: =SUM(F85:F99) -> 1572690 | G100: =SUM(G85:G99) -> 10072.172 | J100: =[1]Перекупные!$F$13 -> 183430
A101: 2 | B101: Стена | J101: =[1]Перекупные!$F$10 -> 173650
...

Sheet 15
C1: Предварительная ведомость материалов | H1: Укажите тип обшивки
M2: 2ур | N2: 3ур
H3: наружная | I3: 2
H4: внутренняя | I4: 0 | L4: 3снег | M4: шаг 5 | N4: шаг6
B5: Снег/Ветер : | C5: 3 | D5: 2 | F5: ТЗ № | G5: 10107
A6: место стр | B6: Челябинск | H6: нет обшивки | J6: 0 | L6: 4снег | M6: шаг4 | N6: шаг5
A7: обьект | B7: АТ | F7: =IF(I13=1,"альбом","проект") -> альбом | H7: оцинкованный профлист | J7: 1
B8: Пролет, м : | C8: 15 | F8: ур. отв | G8: 3 | H8: окрашенный профлист | J8: 2 | L8: 5снег | M8: шаг3,5 | N8: шаг4
B9: Длина, м : | C9: 60 | F9: Ст.огн. | G9: 5 | H9: сайдинг (горизонт) | J9: 3
B10: Высота, м : | C10: 6 | H10: фасадная панель (верт.) | J10: 4
A11: шаг рам, м : | C11: 6 | H11: ГВЛ | J11: 5 | M11: прогоны
B12: наружная обшивка : | C12: =IF(I3=0,"нет",IF(I3=1,"оцинкованный профлист",IF(I3=2,"окрашенный профлист",IF(I3=3,"окрашенный профлист, сайдинг","окрашенный профлист, фасадная кассета")))) -> окрашенный профлист | D12: С/П | H12: Альбом-1 | I12: Выбрать 1или 2 | L12: 3 снег | M12: =I32 -> ТПС 200х2 | N12: =I34 -> ТПС 200х65х2
B13: внутренняя обшивка : | C13: =IF(I4=0,"нет",IF(I4=1,"оцинкованный профлист",IF(I4=2,"окрашенный профлист",IF(I4=3,"окрашенный профлист, сайдинг","окрашенный профлист, фасадная панель")))) -> нет | H13: Проект-2 | I13: 1 | J13: расчет балки | L13: 4снег | M13: =I33 -> ТПС 200х65х1,5 | N13: =I32 -> ТПС 200х2
D14: утепление кровли: | E14: 150 | F14: мм | J14: =15*3.14/180 -> 0.26166667 | L14: 5снег | M14: =I32 -> ТПС 200х2 | N14: =I31 -> ТПС 200х1,5
D15: утепление стен: | E15: 100 | F15: мм | J15: =COS(J14) -> 0.96596017
I16: Кол.-во рам | J16: =C8/2/J15*2 -> 15.528591 | N16: кол/б
D17: перегородки | E17: 0 | F17: м2 | I17: =CEILING(C9/C11+1,1) -> 11 | M17: до3м | N17: 2/3 | O17: 2/2,5
A18: МАТЕРИАЛЫ ЗАО "ИНСИ" | I18: эл. Рамы | J18: цена п м | K18: вес пм | L18: 3снег | M18: 6м | N18: 2,5/3 | O18: 2,5/3
A19: № п.п. | B19: наименование | C19: кол-во | D19: ед. изм | E19: цена ед. | F19: цена | G19: общий вес, кг | H19: вес элемента,кг | I19: ПГС-S 300х80х1,5 | J19: =[1]Основные!$F$342 -> 1043.7 | K19: 5.974 | L19: 4снег | M19: до3м | N19: 2/3 | O19: 2/3
A20: 1 | B20: Каркас | I20: ПГС-S 300х80х2 | J20: =[1]Основные!$F$343 -> 1370.25 | K20: 7.913 | M20: 6м | N20: 2,5/3 | O20: 2,5/3
A21: б | B21: =I20 -> ПГС-S 300х80х2 | C21: =I17*(J16)*2 -> 341.62899 | D21: п.м. | E21: =J20 -> 1370.25 | F21: =C21*E21 -> 468117.13 | G21: =C21*H21 -> 2703.3102 | H21: =K20 -> 7.913 | I21: ПГС-S 300х80х3 | J21: =[1]Основные!$F$345 -> 2020.2 | K21: 11.744 | L21: 5снег | M21: до3м | N21: 2/3 | O21: 2/2,5
A22: к | B22: =I20 -> ПГС-S 300х80х2 | C22: =I17*4*(C10-0.07) -> 260.92 | D22: п.м. | E22: =J20 -> 1370.25 | F22: =C22*E22 -> 357525.63 | G22: =C22*H22 -> 2064.66 | H22: =K20 -> 7.913 | I22: ПГС-S 300х80х2,5 | J22: =[1]Основные!$F$344 -> 1693.65 | K22: =9.668 -> 9.668 | M22: 6м | N22: 2,5/3 | O22: 2/3
A23: р | B23: =I26 -> ПГС 145х70х2 | C23: =3*C9+4*C11 -> 204 | D23: п.м. | E23: =J26 -> 833.7 | F23: =E23*C23 -> 170074.8 | G23: =H23*C23 -> 983.28 | H23: =K26 -> 4.82 | I23: ПГС 145х50х1,5 | J23: =[1]Основные!$F$294 -> 532.35 | K23: 3.07
A24: пр | B24: ПС 200х65х2 (2,5м) | C24: =IF(I13=1,8*2*(C9+2*(E15/1000)),9*2*(C9+2*(E15/1000))) -> 963.2 | D24: п.м. | E24: =J34 -> 882 | F24: =C24*E24 -> 849542.4 | G24: =C24*H24 -> 5186.832 | H24: 5.385 | I24: ПГС 145х50х2 | J24: =[1]Основные!$F$295 -> 704.55 | K24: 4.08
A25: с/з | B25: ПП150х1,5 | C25: =IF(I13=1,0,2*(C9+1)) -> 0 | D25: п.м. | E25: =[7]Источник!$F$216 -> 533 | F25: =C25*E25 -> 0 | G25: =C25*H25 -> 0 | H25: =K39 -> 2.559 | I25: ПГС 145х70х1,5 | J25: =[1]Основные!$F$299 -> 630 | K25: 3.64
B26: ПС 145х1,5 водосток | C26: =4*C9 -> 240 | D26: п.м. | E26: =J41 -> 521.85 | F26: =E26*C26 -> 125244 | G26: =H26*C26 -> 672 | H26: =K41 -> 2.8 | I26: ПГС 145х70х2 | J26: =[1]Основные!$F$301 -> 833.7 | K26: 4.82
B27: Лист пл. оц.1мм | C27: =I17*2*C8*0.05*1.1 -> 18.15 | D27: м2 | E27: =[1]Основные!$F$40 -> 1061.312 | F27: =E27*C27 -> 19262.813 | G27: =H27*C27 -> 108.9 | H27: =6 -> 6
B28: =I43 -> ПШ 61х1 | C28: =2*(C8+4*C10)*1.1 -> 85.8 | D28: п.м. | E28: =J43 -> 223 | F28: =E28*C28 -> 19133.4 | G28: =H28*C28 -> 139.854 | H28: =K43 -> 1.63
B29: Фс11, Фс14 | C29: =I17*(C8+2*C10)/0.6 -> 495 | D29: шт. | E29: =[1]Основные!$F$544 -> 291 | F29: =C29*E29 -> 144045 | G29: =C29*H29 -> 693 | H29: 1.4 | I29: ТПС 150х1,5 | J29: =[1]Основные!$D$259 -> 507 | K29: 2.86
B30: Фс12 | C30: =2*C29 -> 990 | D30: шт. | E30: =[1]Основные!$F$545 -> 114 | F30: =C30*E30 -> 112860 | G30: =C30*H30 -> 495 | H30: 0.5 | I30: ТПС 150х65х1,5 | J30: =[1]Основные!$D$265 -> 570 | K30: 3.338
B31: Накладные расходы: | C31: 0.05 | F31: =SUM(F21:F30)*C31 -> 113290.26 | I31: ТПС 200х1,5 | J31: =[1]Основные!$D$277 -> 604 | K31: 3.457
B32: Итого каркас | F32: =SUM(F21:F31) -> 2379095.4 | G32: =SUM(G21:G31) -> 13046.836 | I32: ТПС 200х2 | J32: =[1]Основные!$D$278 -> 779 | K32: 4.529
A33: 2 | B33: Стены | I33: ТПС 200х65х1,5 | J33: =[1]Основные!$D$284 -> 666 | K33: 3.936
A34: нс | B34: =I39 -> ТПП 150х1,5 | C34: =((C10+0.5)/1.2+1)*(C8+C9)*2*1.1 -> 1058.75 | D34: п.м. | E34: =J39 -> 476.7 | H34: =K39 -> 2.559 | I34: ТПС 200х65х2 | J34: =[1]Основные!$D$285 -> 882 | K34: 5.164
A35: сс | B35: ТПС 145х1,5 | C35: =(C8+C9)*2/C11*(C10+0.5)*2*1.1+L151*J151/0.6*O151+(J151+K151)*2*2*L151*1.1 -> 357.5 | D35: п.м. | E35: =J41 -> 521.85 | H35: =K41 -> 2.8 | I35: ТПС 245х65х1,5 | J35: =[1]Основные!$D$288 -> 753 | K35: 4.473
A36: цок (100) | B36: ТПП 150х1 | C36: =2*(C8+C9)*2 -> 300 | D36: п.м. | E36: =J38 -> 262.5 | F36: =E36*C36 -> 78750 | G36: =H36*C36 -> 518.1 | H36: =K38 -> 1.727 | I36: ТПС 245х65х2 | J36: =[1]Основные!$D$289 -> 997 | K36: 5.8
B37: ПШ 40х1 | C37: =IF(I3=J10,C41/0.6,0) -> 0 | D37: п.м. | E37: =J55 -> 0 | F37: =C37*E37 -> 0 | G37: =C37*H37 -> 0 | H37: 1.4 | I37: ТПП 110х1 | J37: =[1]Основные!$F$215 -> 218.4 | K37: 1.406 | L37: ТПП 110х1,2 | M37: =[1]Основные!$F$216 -> 302.4 | N37: 1.69
B38: Уголок 50х50 внутр. (3м) | C38: =(3*C9+2*C8)/1.9 -> 110.52632 | D38: шт. | E38: =J77 -> 736 | F38: =C38*E38 -> 81347.368 | G38: =C38*H38 -> 102.78947 | H38: =L77 -> 0.93 | I38: ТПП 150х1 | J38: =[1]Основные!$F$227 -> 262.5 | K38: 1.727
B39: Уголок 85x85 наружный (2м) | C39: =4*C10/1.9 -> 12.631579 | D39: шт. | E39: =J80 -> 920 | F39: =C39*E39 -> 11621.053 | G39: =C39*H39 -> 29.052632 | H39: =L79 -> 2.3 | I39: ТПП 150х1,5 | J39: =[1]Основные!$F$229 -> 476.7 | K39: 2.559 | L39: ТПП 150х1,2 | M39: =[1]Основные!$F$228 -> 362.25 | N39: 2.02
A40: =IF(I3=2,"нар.окр","нар. оц") -> нар.окр | B40: =L55 -> МП 20 (0,5) | C40: =(C8*2+C9*2)*C10*1.1+C8*3*1.1 -> 1039.5 | D40: п.м. | E40: =M55 -> 787.75 | H40: =O55 -> 5.3 | I40: ТПП 200х1 | J40: =[1]Основные!$F$239 -> 318.15 | K40: 2.118
B41: ПФ 0,7мм | C41: =IF(I3=J10,2*(C8+C9)*C10*1.2+C9*2.5*1.2,0) -> 0 | D41: м2 | E41: =M60 -> 1255 | F41: =C41*E41 -> 0 | G41: =C41*H41 -> 0 | H41: =O60 -> 5 | I41: ТПС 145х1,5 | J41: =[1]Основные!$F$253 -> 521.85 | K41: 2.8
A42: =IF(I4=2,"вн.ок","вн.оц") -> вн.оц | B42: =L55 -> МП 20 (0,5) | C42: =C40 -> 1039.5 | D42: м2 | E42: =M55 -> 787.75 | H42: =O55 -> 5.3 | I42: ТПС 195х1,5 | J42: =[1]Основные!$F$273 -> 618.45 | K42: 3.09 | L42: элемент | M42: руб/м.кв(окр) | N42: руб/м.кв(оц) | O42: вес кг/м.кв.
B43: Накладные расходы: | C43: 0.05 | F43: =SUM(F34:F42)*C43 -> 8585.9211 | I43: ПШ 61х1 | J43: =[1]Основные!$F$352 -> 223 | K43: 1.63 | L43: С-13 0,5мм | M43: =[1]Основные!$D$29 -> #N/A | N43: =[1]Основные!$D$31 -> #N/A | O43: 4.6
B44: Итого стены | F44: =SUM(F34:F43) -> 180304.34 | G44: =SUM(G34:G43) -> 649.94211 | I44: ПШ 28х0,7 | J44: =[1]Основные!$F$350 -> #N/A | K44: 0.78
A45: 3 | B45: Перекрытие | I45: ПШ 40х1 | J45: =[1]Основные!$F$355 -> 190 | K45: 1.4
A46: гл.б | B46: =I21 -> ПГС-S 300х80х3 | C46: =2*C8*I17 -> 330 | D46: п.м. | E46: =J21 -> 2020.2 | H46: =K21 -> 11.744
A47: вт.б | B47: ПГС-S 300х80х1,5 (09 шаг) | C47: =(C8/0.9+1)*C9 -> 1060 | D47: п.м. | E47: =J19 -> 1043.7 | H47: =K19 -> 5.974
A48: ст | B48: =I20 -> ПГС-S 300х80х2 | C48: =2*3.5*2*(I17-2) -> 126 | D48: п.м. | E48: =J20 -> 1370.25 | H48: =K20 -> 7.913
B49: Фс11, Фс14 | C49: =(C46+C48)/2/0.6 -> 380 | D49: шт. | E49: =E29 -> 291 | H49: 1.4
B50: Фс12 | C50: =2*C49 -> 760 | D50: шт. | E50: =E30 -> 114 | H50: 0.5
B51: Саморез 4,8x20 | C51: =8*C52 -> 660 | D51: шт. | E51: =J105 -> 2.346 | H51: 0.004
B52: =L64 -> С-44 0,7мм | C52: =15*5*1.1 -> 82.5 | D52: м2 | E52: =N64 -> 924.6115 | H52: 6
B53: Накладные расходы: | C53: 0.05 | F53: =SUM(F46:F52)*C53 -> 0
B54: Итого перекрытие | F54: =SUM(F46:F53) -> 0 | G54: =SUM(G45:G53) -> 0
A55: 4 | B55: Перегородки | L55: МП 20 (0,5) | M55: =[1]Основные!$F$74 -> 787.75 | N55: =[1]Основные!$F$75 -> 590.4445 | O55: 5.3
B56: ТПП 110х1 | C56: =IF(E17>0,D164+D165,0) -> 0 | D56: п.м. | E56: =J37 -> 218.4 | F56: =C56*E56 -> 0 | G56: =C56*H56 -> 0 | H56: =K37 -> 1.406
A57: окр | B57: =L55 -> МП 20 (0,5) | C57: =IF(E17>0,E17*2*1.1,0) -> 0 | D57: п.м. | E57: =M55 -> 787.75 | F57: =C57*E57 -> 0 | G57: =C57*H57 -> 0 | H57: =O55 -> 5.3 | L57: С-8 0,5 мм | M57: =[1]Основные!$F$26 -> 1 | N57: =[1]Основные!$F$23 -> 555 | O57: 4.6
B58: Накладные расходы: | C58: 0.05 | F58: =SUM(F56:F57)*C58 -> 0
B59: Итого перегородки | F59: =SUM(F56:F58) -> 0 | G59: =SUM(G56:G58) -> 0 | L59: Сайдинг | M59: =[1]Основные!$F$86 -> 1035
A60: 3 | B60: Водосток | E60: ф 150мм | I60: ф100 | L60: ПФ | M60: =[1]Основные!$F$16 -> 1255 | O60: 5
B61: Труба | C61: =C66*C10 -> 60 | D61: п.м. | E61: =[1]Основные!$F$142 -> 840 | F61: =E61*C61 -> 50400 | G61: =H61*C61 -> 90 | H61: 1.5 | I61: =[1]Основные!$F$130 -> 585 | L61: КФ | M61: =[1]Основные!$F$11 -> 1868
B62: Желоб | C62: =2*C9 -> 120 | D62: п.м. | E62: =[1]Основные!$F$141 -> 635 | F62: =E62*C62 -> 76200 | G62: =H62*C62 -> 180 | H62: 1.5 | I62: =[1]Основные!$F$129 -> 466 | L62: С-44 0,5мм | M62: =[1]Основные!$F$80 -> 868.25 | N62: =[1]Основные!$F$81 -> 648.531 | O62: 5.3
B63: Держатель трубы | C63: =C61/2 -> 30 | D63: шт. | E63: =[1]Основные!$F$144 -> 413 | F63: =E63*C63 -> 12390 | G63: =H63*C63 -> 15 | H63: 0.5 | I63: =[1]Основные!$F$132 -> 351
B64: Держатель желоба | C64: =C62/0.7 -> 171.42857 | D64: шт. | E64: =[1]Основные!$F$144 -> 413 | F64: =E64*C64 -> 70800 | G64: =H64*C64 -> 85.714286 | H64: 0.5 | I64: =[1]Основные!$F$132 -> 351 | L64: С-44 0,7мм | M64: =[1]Основные!$F$83 -> 1265 | N64: =[1]Основные!$F$84 -> 924.6115 | O64: 7.4
B65: Заглушка желоба | C65: =4 -> 4 | D65: шт. | E65: =[1]Основные!$F$145 -> 146 | F65: =E65*C65 -> 584 | G65: =H65*C65 -> 2 | H65: 0.5 | I65: =[1]Основные!$F$134 -> 129
B66: Колено сливное | C66: =CEILING(C8*C9/100,2) -> 10 | D66: шт. | E66: =[1]Основные!$F$143 -> 495 | F66: =E66*C66 -> 4950 | G66: =H66*C66 -> 5 | H66: 0.5 | I66: =[1]Основные!$F$131 -> 463 | L66: Н-60 0,7 | M66: =[7]Источник!$G$56 -> 0 | N66: =[7]Источник!$G$52 -> 0 | O66: 8.8
B67: Колено угловое | C67: =2*C66 -> 20 | D67: шт. | E67: =[1]Основные!$F$143 -> 495 | F67: =E67*C67 -> 9900 | G67: =H67*C67 -> 10 | H67: 0.5 | I67: =[1]Основные!$F$131 -> 463
B68: Соединитель желоба | C68: =C62/5 -> 24 | D68: шт. | E68: =[1]Основные!$F$148 -> 309 | F68: =E68*C68 -> 7416 | G68: =H68*C68 -> 12 | H68: 0.5 | I68: =[1]Основные!$F$133 -> 64 | L68: Н-35 0,7 | M68: =[7]Источник!$G$69 -> 0 | O68: 7.4
B69: Патрубок | C69: =C66 -> 10 | D69: шт. | E69: =[1]Основные!$F$146 -> 408 | F69: =E69*C69 -> 4080 | G69: =H69*C69 -> 5 | H69: 0.5 | I69: =[1]Основные!$F$135 -> 352
B70: Накладные расходы: | C70: 0.05 | F70: =SUM(F61:F69)*C70 -> 11836
B71: ИТОГО водосток | F71: =SUM(F61:F70) -> 248556 | G71: =SUM(G61:G70) -> 404.71429
A72: 3 | B72: Кровля
B73: Лист 0.7мм оц | C73: =C9*0.5*1.11 -> 33.3 | D73: м2 | E73: =[1]Основные!$F$39 -> 810.152 | F73: =C73*E73 -> 26978.062 | G73: =C73*H73 -> 233.1 | H73: 7
B74: Конек плоский (2м) | C74: =CEILING(C9/1.9,1) -> 32 | D74: шт. | E74: =IF(I3=1,K75,J75) -> 1903.25 | F74: =C74*E74 -> 60904 | G74: =C74*H74 -> 52.48 | H74: =L75 -> 1.64 | I74: элемент | J74: ок р/шт | K74: оц р/шт | L74: вес кг/п.м
B75: Фронтон (2м) | C75: =CEILING(2*C8/1.8,1) -> 17 | D75: шт. | E75: =IF(I3=1,K76,J76) -> 920 | F75: =C75*E75 -> 15640 | G75: =C75*H75 -> 17.51 | H75: =L76 -> 1.03 | I75: Конек | J75: =[1]Основные!$F$110 -> 1903.25 | K75: =[1]Основные!$F$111 -> 1575.5 | L75: 1.64
A76: =IF(I4=2,"вн.ок","вн.оц") -> вн.оц | B76: =L55 -> МП 20 (0,5) | C76: =C8*C9*1.1 -> 990 | D76: м2 | E76: =M55 -> 787.75 | H76: =O55 -> 5.3 | I76: Фронтон | J76: =[1]Основные!$F$113 -> 920 | K76: =[1]Основные!$F$114 -> 747.5 | L76: 1.03
A77: =IF(I3=2,"нар.ок","нар.оц") -> нар.ок | B77: =L64 -> С-44 0,7мм | C77: =(C8+0.6)*(C9+1)*1.1 -> 1046.76 | D77: м2 | E77: =M64 -> 1265 | H77: =O64 -> 7.4 | I77: Уголок 50х50 вн | J77: =[1]Основные!$F$100 -> 736 | K77: =[1]Основные!$F$102 -> #N/A | L77: 0.93
B78: Снегозадержатель | C78: =IF(I13=1,0,2*C9/1.4) -> 0 | D78: шт. | E78: =[1]Основные!$F$152 -> 2071 | F78: =C78*E78 -> 0 | G78: =C78*H78 -> 0 | H78: 4 | I78: Уголок 50х50 нар | J78: =[1]Основные!$F$100 -> 736 | L78: 0.93
B79: Уплотнитель (2м) | C79: =2*C74 -> 64 | D79: шт. | E79: =[1]Основные!$F$173 -> 612 | F79: =C79*E79 -> 39168 | G79: =C79*H79 -> 0 | I79: Уголок 85х85 вн | J79: =J80 -> 920 | K79: =[1]Основные!$F$107 -> 747.5 | L79: 2.3
B80: Накладные расходы: | C80: 0.05 | F80: =SUM(F73:F79)*C80 -> 7134.5031 | I80: Уголок 85х85 нар | J80: =[1]Основные!$F$103 -> 920 | K80: =[1]Основные!$F$104 -> 747.5 | L80: 2.3
B81: Итого кровля | F81: =SUM(F73:F80) -> 149824.56 | G81: =SUM(G73:G80) -> 303.09
C82: Итого материалы: | F82: =F32+F44+F81+F59+F71+F54 -> 2957780.3 | G82: =G32+G44+G81+G59+G71+G54 -> 14404.583
A83: ДОПОЛНИТЕЛЬНЫЕ МАТЕРИАЛЫ
A84: 1 | B84: Каркас | I84: тр кв | J84: п.в,т/п.м | M84: длина
B85: Саморез 5,5x25 | C85: =K90*614 -> 6754 | D85: шт. | E85: =[1]Основные!$F$430 -> 1.6215 | F85: =C85*E85 -> 10951.611 | G85: =C85*H85 -> 29.0422 | H85: 0.0043 | I85: 80*4 | J85: =9.6/1000 -> 0.0096 | M85: =C9 -> 60 | P85: гор.св/м
B86: Дюбель гвоздь 6х60 | C86: =(C9+C8)*2/0.5+1 -> 301 | D86: шт. | E86: =[1]Основные!$F$427 -> 4.1285 | F86: =C86*E86 -> 1242.6785 | G86: =H86*C86 -> 1.4448 | H86: 0.0048 | I86: 120*4 | J86: =14.57/1000 -> 0.01457 | K86: Средний вес фасонки | M86: ширина
B87: Болт М12х40 | C87: =16*K90 -> 176 | D87: шт. | E87: =[1]Перекупные!$F$54 -> 12.88 | F87: =C87*E87 -> 2266.88 | G87: =H87*C87 -> 8.8 | H87: 0.05 | I87: 160*4 | J87: =0.02433 -> 0.02433 | K87: 0.298 | L87: т | M87: =C8 -> 15
B88: Гайка М12 | C88: =C87 -> 176 | D88: шт. | E88: =[1]Перекупные!$F$55 -> 4.255 | F88: =C88*E88 -> 748.88 | G88: =H88*C88 -> 2.816 | H88: 0.016 | I88: 180*5 | J88: 0.02747 | M88: шаг | P88: =SQRT(O90*O90+P91*P91) -> 6.7082039
B89: Шайба 12 | C89: =C87 -> 176 | D89: шт. | E89: =[1]Перекупные!$F$56 -> 1.035 | F89: =C89*E89 -> 182.16 | G89: =H89*C89 -> 0.88 | H89: 0.005 | I89: уголки | K89: количество рам | M89: =C11 -> 6
H90: 0.19 | I90: 63*5 | J90: =4.81/1000 -> 0.00481 | K90: =I17 -> 11 | L90: шт | M90: высота | O90: 3
H91: 0.071 | I91: 75*5 | J91: =5.8/1000 -> 0.0058 | M91: =C10 -> 6 | P91: =C11 -> 6
H92: 0.016 | I92: 80*6 | J92: =7.4/1000 -> 0.0074
B93: Болт М16х50 | C93: =K90*M96 -> 5456 | D93: шт. | E93: =[1]Перекупные!$F$62 -> 30.015 | F93: =C93*E93 -> 163761.84 | G93: =H93*C93 -> 654.72 | H93: 0.12 | I93: 90*6 | J93: =8.4/1000 -> 0.0084 | O93: 4.5 | P93: =SQRT(O93*O93+P96*P96) -> 7.5
B94: Гайка М16 | C94: =C93 -> 5456 | D94: шт. | E94: =[1]Перекупные!$F$63 -> 10.6375 | F94: =C94*E94 -> 58038.2 | G94: =H94*C94 -> 201.872 | H94: 0.037 | I94: 100*7 | J94: =10.79/1000 -> 0.01079 | K94: Количество распорок из трубы | N94: РАСПОРКИ ПГС
B95: Шайба 16 | C95: =C93 -> 5456 | D95: шт. | E95: =[1]Перекупные!$F$64 -> 2.99 | F95: =C95*E95 -> 16313.44 | G95: =H95*C95 -> 60.016 | H95: 0.011 | I95: 110*7 | J95: =11.89/1000 -> 0.01189 | K95: 0 | L95: шт | N95: 3
B96: Конструкции из труб | C96: =(4*(M91+0.5)*J87+0.3*1+J85*K95*M85)*1.05+L148*J85 -> 0.979209 | D96: т | E96: 129600 | F96: =C96*E96 -> 126905.49 | G96: =H96*C96 -> 979.209 | H96: 1000 | I96: 125*8 | J96: =15.5/1000 -> 0.0155 | L96: М16 на раму | M96: =IF(K95=0,(344+20+(C9/C11+1)*4*N95),(344+20+(C9/C11+1)*4*K95)) -> 496 | P96: =C11 -> 6
A97: =C96+C97+C98 -> 10.276441 | B97: Уголок | C97: =((K90-2)*(M87+2)*2*J90+(2*3*2)*P93*J94+(2*3*2)*P88*J97+(4*2)*P100*J97)*1.1 -> 5.8553323 | D97: т | E97: 132000 | F97: =C97*E97 -> 772903.86 | G97: =H97*C97 -> 5855.3323 | H97: 1000 | I97: 140*9 | J97: =19.41/1000 -> 0.01941
B98: Лист | C98: =K87*K90*1.05 -> 3.4419 | D98: т | E98: 132960 | F98: =C98*E98 -> 457635.02 | G98: =H98*C98 -> 3441.9 | H98: 1000 | J98: =[1]Перекупные!$F$6 -> 167900 | K98: =[1]Перекупные!$F$12 -> 179400 | P98: дл верт св
B99: Накладные расходы: | C99: 0.05 | F99: =SUM(F85:F98)*C99 -> 80547.503 | I99: =A97/C8/C9 -> 0.011418268 | J99: =[1]Перекупные!$F$7 -> 172500 | K99: =[1]Перекупные!$F$13 -> 183430
B100: Итого каркас | F100: =SUM(F85:F99) -> 1691497.6 | G100: =SUM(G85:G99) -> 11236.032 | J100: =[1]Перекупные!$F$4 -> 164890 | K100: =[1]Перекупные!$F$10 -> 173650 | O100: =C10 -> 6 | P100: =SQRT(O100*O100+P102*P102) -> 8.4852814
...

Sheet 18
C1: Предварительная ведомость материалов | H1: Укажите тип обшивки
A3: Проектно-расчетный отдел | H3: наружная | I3: 2
H4: внутренняя | I4: 0
B5: Снег/Ветер : | C5: 3 | D5: 2 | F5: ТЗ № | G5: 11388
A6: место стр | B6: Челябинск | H6: нет обшивки | J6: 0
A7: обьект | B7: АТ | F7: =IF(I13=1,"альбом","проект") -> альбом | H7: оцинкованный профлист | J7: 1
B8: Пролет, м : | C8: 18 | F8: ур. отв | G8: 3 | H8: окрашенный профлист | J8: 2
B9: Длина, м : | C9: 60 | F9: Ст.огн. | G9: 5 | H9: сайдинг (горизонт) | J9: 3
B10: Высота, м : | C10: 6 | H10: фасадная панель (верт.) | J10: 4 | N10: 2ур | O10: 3ур
A11: шаг рам, м : | C11: 6 | H11: ГВЛ | J11: 5
B12: наружная обшивка : | C12: =IF(I3=0,"нет",IF(I3=1,"оцинкованный профлист",IF(I3=2,"окрашенный профлист",IF(I3=3,"окрашенный профлист, сайдинг","окрашенный профлист, фасадная кассета")))) -> окрашенный профлист | D12: С/П | H12: Альбом-1 | I12: Выбрать 1или 2 | M12: 3снег | N12: шаг 4 | O12: шаг5
B13: внутренняя обшивка : | C13: =IF(I4=0,"нет",IF(I4=1,"оцинкованный профлист",IF(I4=2,"окрашенный профлист",IF(I4=3,"окрашенный профлист, сайдинг","окрашенный профлист, фасадная панель")))) -> нет | H13: Проект-2 | I13: 1 | J13: расчет балки
D14: утепление кровли: | E14: 200 | F14: мм | J14: =15*3.14/180 -> 0.26166667 | M14: 4снег | N14: шаг3 | O14: шаг4
D15: утепление стен: | E15: 150 | F15: мм | J15: =COS(J14) -> 0.96596017
I16: Кол.-во рам | J16: =C8/2/J15*2 -> 18.634309 | M16: 5снег | N16: шаг2,5 | O16: шаг3,5
D17: перегородки | E17: 0 | F17: м2 | I17: =CEILING(C9/C11+1,1) -> 11 | L17: ПГС-S 300х80х2,5 | M17: =[1]Основные!$F$344 -> 1693.65 | N17: =9.668 -> 9.668
A18: МАТЕРИАЛЫ ЗАО "ИНСИ" | I18: эл. Рамы | J18: цена п м | K18: вес пм | N18: прогоны
A19: № п.п. | B19: наименование | C19: кол-во | D19: ед. изм | E19: цена ед. | F19: цена | G19: общий вес, кг | H19: вес элемента,кг | I19: ПГС-S 300х80х1,5 | J19: =[1]Основные!$F$342 -> 1043.7 | K19: 5.974 | M19: 3 снег | N19: =I30 -> ТПС 150х65х1,5 | O19: =I31 -> ТПС 200х1,5
A20: 1 | B20: Каркас | I20: ПГС-S 300х80х2 | J20: =[1]Основные!$F$343 -> 1370.25 | K20: 7.913 | M20: 4снег | N20: =I29 -> ТПС 150х1,5 | O20: =I30 -> ТПС 150х65х1,5
A21: б | B21: =I21 -> ПГС-S 300х80х3 | C21: =I17*(J16)*2 -> 409.95479 | D21: п.м. | E21: =J21 -> 2020.2 | F21: =C21*E21 -> 828190.67 | G21: =C21*H21 -> 4814.5091 | H21: =K21 -> 11.744 | I21: ПГС-S 300х80х3 | J21: =[1]Основные!$F$345 -> 2020.2 | K21: 11.744 | M21: 5снег | N21: =I30 -> ТПС 150х65х1,5 | O21: =I31 -> ТПС 200х1,5
A22: к | B22: =I21 -> ПГС-S 300х80х3 | C22: =I17*4*(C10-0.07) -> 260.92 | D22: п.м. | E22: =J21 -> 2020.2 | F22: =C22*E22 -> 527110.58 | G22: =C22*H22 -> 3064.2445 | H22: =K21 -> 11.744 | I22: ПГС 145х50х1,5 | J22: =[1]Основные!$F$294 -> 532.35 | K22: 3.07
A23: р | B23: =I24 -> ПГС 145х70х1,5 | C23: =(3*C9+8*C11) -> 228 | D23: п.м. | E23: =J24 -> 630 | H23: =K24 -> 3.64 | I23: ПГС 145х50х2 | J23: =[1]Основные!$F$295 -> 704.55 | K23: 4.08 | M23: 3сн | N23: 2,5/3 | O23: 2,5/3 | P23: 6м
A24: пр | B24: ПС 245х65х2 (3м) | C24: =IF(I13=1,8*2*(C9),9*2*(C9)) -> 960 | D24: п.м. | E24: =J36 -> 997 | F24: =C24*E24 -> 957120 | G24: =C24*H24 -> 5846.88 | H24: 6.0905 | I24: ПГС 145х70х1,5 | J24: =[1]Основные!$F$299 -> 630 | K24: 3.64 | N24: 2/3 | O24: 2/3 | P24: 3м
A25: с/з | B25: ПП150х1,5 | C25: =IF(I13=1,0,2*(C9+1)) -> 0 | D25: п.м. | E25: =J39 -> 476.7 | F25: =C25*E25 -> 0 | G25: =C25*H25 -> 0 | H25: =K39 -> 2.559 | I25: ПГС 145х70х2 | J25: =[1]Основные!$F$301 -> 833.7 | K25: 4.82 | M25: 4сн | N25: 2/3 | O25: 2,5/3
B26: Лист пл. оц.1мм | C26: =I17*2*C8*0.05*1.1 -> 21.78 | D26: м2 | E26: =[1]Основные!$F$40 -> 1061.312 | F26: =C26*E26 -> 23115.375 | G26: =C26*H26 -> 130.68 | H26: =6 -> 6 | N26: 2/2,5 | O26: 2/2,5
B27: ПШ 61х1 | C27: =2*(C8+2*C10)*1.1 -> 66 | D27: п.м. | E27: =J43 -> 223 | F27: =C27*E27 -> 14718 | G27: =C27*H27 -> 107.58 | H27: =1.63 -> 1.63 | M27: 5сн | N27: 2,5/3 | O27: 2/3
A28: водосток | B28: ПС 145х1,5 | C28: =4*C9 -> 240 | D28: п.м. | E28: =J41 -> 521.85 | F28: =C28*E28 -> 125244 | G28: =C28*H28 -> 672 | H28: =K41 -> 2.8 | N28: 2/3 | O28: 2/3
B29: Фс11, Фс14 | C29: =I17*(C8+2*C10)/0.6 -> 550 | D29: шт. | E29: =[1]Основные!$F$544 -> 291 | F29: =C29*E29 -> 160050 | G29: =C29*H29 -> 770 | H29: 1.4 | I29: ТПС 150х1,5 | J29: =[1]Основные!$D$259 -> 507 | K29: 2.86
B30: Фс12 | C30: =2*C29 -> 1100 | D30: шт. | E30: =[1]Основные!$F$545 -> 114 | F30: =C30*E30 -> 125400 | G30: =C30*H30 -> 550 | H30: 0.5 | I30: ТПС 150х65х1,5 | J30: =[1]Основные!$D$265 -> 570 | K30: 3.338
B31: Накладные расходы: | C31: 0.05 | F31: =SUM(F21:F30)*C31 -> 138047.43 | I31: ТПС 200х1,5 | J31: =[1]Основные!$D$277 -> 604 | K31: 3.457
B32: Итого каркас | F32: =SUM(F21:F31) -> 2898996.1 | G32: =SUM(G21:G31) -> 15955.894 | I32: ТПС 200х2 | J32: =[1]Основные!$D$278 -> 779 | K32: 4.529
A33: 2 | B33: Стены | I33: ТПС 200х65х1,5 | J33: =[1]Основные!$D$284 -> 666 | K33: 3.936
A34: нс | B34: ПС 145х1,5 | C34: =((C10+0.5)/1.2+1)*(C8+C9)*2*1.1*2 -> 2202.2 | D34: п.м. | E34: =J41 -> 521.85 | H34: =K41 -> 2.8 | I34: ТПС 200х65х2 | J34: =[1]Основные!$D$285 -> 882 | K34: 5.164
A35: сс | B35: ТПС 145х1,5 | C35: =0*(C8+C9)*2/C11*(C10+0.5)*2*1.1+L153*J153/0.6*O153+(J153+K153)*2*2*L153*1.1 -> 0 | D35: п.м. | E35: =J41 -> 521.85 | H35: =K41 -> 2.8 | I35: ТПС 245х65х1,5 | J35: =[1]Основные!$D$288 -> 753 | K35: 4.473
A36: цок (100) | B36: ТПП 150х1 | C36: =2*(C8+C9)*2 -> 312 | D36: п.м. | E36: =J38 -> 262.5 | H36: =K38 -> 1.727 | I36: ТПС 245х65х2 | J36: =[1]Основные!$D$289 -> 997 | K36: 5.8 | L36: ТПП 110х1,2 | M36: =[1]Основные!$F$216 -> 302.4 | N36: 1.69
B37: ПШ 40х1 | C37: =IF(I3=J10,C41/0.6,0) -> 0 | D37: п.м. | E37: =J45 -> 190 | F37: =C37*E37 -> 0 | G37: =C37*H37 -> 0 | H37: 1.4 | I37: ТПП 110х1 | J37: =[1]Основные!$F$215 -> 218.4 | K37: 1.406
B38: Уголок 50х50 внутр. (3м) | C38: =(3*C9+2*C8)/2.9 -> 74.482759 | D38: шт. | E38: =J77 -> 736 | F38: =C38*E38 -> 54819.31 | G38: =C38*H38 -> 69.268966 | H38: =L77 -> 0.93 | I38: ТПП 150х1 | J38: =[1]Основные!$F$227 -> 262.5 | K38: 1.727 | L38: ТПП 150х1,2 | M38: =[1]Основные!$F$228 -> 362.25 | N38: 2.02
B39: Уголок 85x85 наружный (3м) | C39: =4*C10/1.9 -> 12.631579 | D39: шт. | E39: =J80 -> 920 | F39: =C39*E39 -> 11621.053 | G39: =C39*H39 -> 29.052632 | H39: =L79 -> 2.3 | I39: ТПП 150х1,5 | J39: =[1]Основные!$F$229 -> 476.7 | K39: 2.559
A40: =IF(I3=2,"нар.окр","нар. оц") -> нар.окр | B40: =L45 -> МП 20 (0,5) | C40: =(C9*2+C8*2)*(C10+0.5)*1.1+C8*2.5*1.1 -> 1164.9 | D40: м2 | E40: =M45 -> 787.75 | H40: =O45 -> 5.3 | I40: ТПП 200х1 | J40: =[1]Основные!$F$239 -> 318.15 | K40: 2.118
F41: =C41*E41 -> 0 | G41: =C41*H41 -> 0 | H41: =O50 -> 5 | I41: ТПС 145х1,5 | J41: =[1]Основные!$F$253 -> 521.85 | K41: 2.8
A42: =IF(I4=2,"вн.ок","вн.оц") -> вн.оц | B42: =L45 -> МП 20 (0,5) | C42: =C40 -> 1164.9 | D42: м2 | E42: =M45 -> 787.75 | H42: =O45 -> 5.3 | I42: ТПС 195х1,5 | J42: =[1]Основные!$F$273 -> 618.45 | K42: 3.09 | L42: элемент | M42: руб/м.кв(окр) | N42: руб/м.кв(оц) | O42: вес кг/м.кв.
B43: Накладные расходы: | C43: 0.05 | F43: =SUM(F34:F42)*C43 -> 3322.0181 | I43: ПШ 61х1 | J43: =[1]Основные!$F$352 -> 223 | K43: 1.63 | L43: С-13 0,5мм | M43: =[1]Основные!$D$29 -> #N/A | N43: =[1]Основные!$D$31 -> #N/A | O43: 4.6
B44: Итого стены | F44: =SUM(F34:F43) -> 69762.381 | G44: =SUM(G34:G43) -> 98.321597 | I44: ПШ 28х0,7 | J44: =[1]Основные!$F$350 -> #N/A | K44: 0.78
A45: 3 | B45: Перегородки | I45: ПШ 40х1 | J45: =[1]Основные!$F$355 -> 190 | K45: 1.4 | L45: МП 20 (0,5) | M45: =[1]Основные!$F$74 -> 787.75 | N45: =[1]Основные!$F$75 -> 590.4445 | O45: 5.3
B46: ТПП 110х1 | C46: =IF(E17>0,D166+D167,0) -> 0 | D46: п.м. | E46: =J37 -> 218.4 | F46: =C46*E46 -> 0 | G46: =C46*H46 -> 0 | H46: =K37 -> 1.406
A47: окр | B47: =L45 -> МП 20 (0,5) | C47: =IF(E17>0,E17*2*1.1,0) -> 0 | D47: п.м. | E47: =M45 -> 787.75 | F47: =C47*E47 -> 0 | G47: =C47*H47 -> 0 | H47: =O45 -> 5.3 | L47: С-8 0,5 мм | M47: =[1]Основные!$F$26 -> 1 | N47: =[1]Основные!$F$23 -> 555 | O47: 4.6
B48: Накладные расходы: | C48: 0.05 | F48: =SUM(F46:F47)*C48 -> 0
B49: Итого | F49: =SUM(F46:F48) -> 0 | G49: =SUM(G46:G48) -> 0 | L49: Сайдинг | M49: =[1]Основные!$F$86 -> 1035
A50: 3 | B50: Водосток | E50: ф 150мм | I50: ф100 | L50: ПФ | M50: =[1]Основные!$F$16 -> 1255 | O50: 5
B51: Труба | C51: =C56*C10 -> 72 | D51: п.м. | E51: =[1]Основные!$F$142 -> 840 | F51: =C51*E51 -> 60480 | G51: =C51*H51 -> 108 | H51: 1.5 | I51: =[1]Основные!$F$130 -> 585 | L51: КФ | M51: =[1]Основные!$F$11 -> 1868
B52: Желоб | C52: =2*C9 -> 120 | D52: п.м. | E52: =[1]Основные!$F$141 -> 635 | F52: =C52*E52 -> 76200 | G52: =C52*H52 -> 180 | H52: 1.5 | I52: =[1]Основные!$F$129 -> 466 | L52: С-44 0,5мм | M52: =[1]Основные!$F$80 -> 868.25 | N52: =[1]Основные!$F$81 -> 648.531 | O52: 5.3
B53: Держатель трубы | C53: =C51/2 -> 36 | D53: шт. | E53: =[1]Основные!$F$144 -> 413 | F53: =C53*E53 -> 14868 | G53: =C53*H53 -> 18 | H53: 0.5 | I53: =[1]Основные!$F$132 -> 351
B54: Держатель желоба | C54: =C52/0.7 -> 171.42857 | D54: шт. | E54: =[1]Основные!$F$144 -> 413 | F54: =C54*E54 -> 70800 | G54: =C54*H54 -> 85.714286 | H54: 0.5 | I54: =[1]Основные!$F$132 -> 351 | L54: С-44 0,7мм | M54: =[1]Основные!$F$83 -> 1265 | N54: =[1]Основные!$F$84 -> 924.6115 | O54: 7.4
B55: Заглушка желоба | C55: =4 -> 4 | D55: шт. | E55: =[1]Основные!$F$145 -> 146 | F55: =C55*E55 -> 584 | G55: =C55*H55 -> 2 | H55: 0.5 | I55: =[1]Основные!$F$134 -> 129
B56: Колено сливное | C56: =CEILING(C8*C9/100,2) -> 12 | D56: шт. | E56: =[1]Основные!$F$143 -> 495 | F56: =C56*E56 -> 5940 | G56: =C56*H56 -> 6 | H56: 0.5 | I56: =[1]Основные!$F$131 -> 463 | L56: Н-60 0,7 | M56: =[7]Источник!$G$56 -> 0 | N56: =[7]Источник!$G$52 -> 0 | O56: 8.8
B57: Колено угловое | C57: =2*C56 -> 24 | D57: шт. | E57: =[1]Основные!$F$143 -> 495 | F57: =C57*E57 -> 11880 | G57: =C57*H57 -> 12 | H57: 0.5 | I57: =[1]Основные!$F$131 -> 463
B58: Соединитель желоба | C58: =C52/5 -> 24 | D58: шт. | E58: =[1]Основные!$F$148 -> 309 | F58: =C58*E58 -> 7416 | G58: =C58*H58 -> 12 | H58: 0.5 | I58: =[1]Основные!$F$133 -> 64 | L58: Н-35 0,7 | M58: =[7]Источник!$G$69 -> 0 | O58: 7.4
B59: Патрубок | C59: =C56 -> 12 | D59: шт. | E59: =[1]Основные!$F$146 -> 408 | F59: =C59*E59 -> 4896 | G59: =C59*H59 -> 6 | H59: 0.5 | I59: =[1]Основные!$F$135 -> 352
B60: Накладные расходы: | C60: 0.05 | F60: =SUM(F51:F59)*C60 -> 12653.2
B61: ИТОГО водосток | F61: =SUM(F51:F60) -> 265717.2 | G61: =SUM(G51:G60) -> 429.71429
A62: 3 | B62: Перекрытие
A63: гл.б | B63: =I21 -> ПГС-S 300х80х3 | C63: =2*C8*I17 -> 396 | D63: п.м. | E63: =J38 -> 262.5 | H63: =K38 -> 1.727
A64: вт.б | B64: =I19 -> ПГС-S 300х80х1,5 | C64: =(C8/0.9+1)*C9 -> 1260 | D64: п.м. | E64: =J36 -> 997 | H64: =K36 -> 5.8
A65: ст | B65: =I20 -> ПГС-S 300х80х2 | C65: =2*3.5*2*(I17-2) -> 126 | D65: п.м. | E65: =J37 -> 218.4 | H65: =K37 -> 1.406
B66: Фс11, Фс14 | C66: =(C63+C65)/2/0.6 -> 435 | D66: шт. | E66: =E29 -> 291 | H66: 1.4
B67: Фс12 | C67: =2*C66 -> 870 | D67: шт. | E67: =E30 -> 114 | H67: 0.5
B68: Саморез 4,8x20 | C68: =8*C69 -> 9504 | D68: шт. | E68: =J103 -> 2.346 | H68: 0.004
B69: =L54 -> С-44 0,7мм | C69: =C8*C9*1.1 -> 1188 | D69: м2 | E69: =N54 -> 924.6115 | H69: 6
B70: Накладные расходы: | C70: 0.05 | F70: =SUM(F63:F69)*C70 -> 0
B71: Итого перекрытие | F71: =SUM(F63:F70) -> 0 | G71: =SUM(G63:G70) -> 0
A72: 4 | B72: Кровля
B73: Лист 0.7мм оц | C73: =C9*0.5*1.11 -> 33.3 | D73: м2 | E73: =[1]Основные!$F$39 -> 810.152 | F73: =C73*E73 -> 26978.062 | G73: =C73*H73 -> 233.1 | H73: 7
B74: Конек плоский (2м) | C74: =CEILING(C9/1.9,1) -> 32 | D74: шт. | E74: =IF(I3=1,K75,J75) -> 1903.25 | F74: =C74*E74 -> 60904 | G74: =C74*H74 -> 52.48 | H74: =L75 -> 1.64 | I74: элемент | J74: ок р/шт | K74: оц р/шт | L74: вес кг/п.м
B75: Фронтон (2м) | C75: =CEILING(2*C8/1.8,1) -> 20 | D75: шт. | E75: =IF(I3=1,K76,J76) -> 920 | F75: =C75*E75 -> 18400 | G75: =C75*H75 -> 20.6 | H75: =L76 -> 1.03 | I75: Конек | J75: =[1]Основные!$F$110 -> 1903.25 | K75: =[1]Основные!$F$111 -> 1575.5 | L75: 1.64
A76: =IF(I4=2,"вн.ок","вн.оц") -> вн.оц | B76: =L45 -> МП 20 (0,5) | C76: =C8*C9*1.1 -> 1188 | D76: м2 | E76: =M45 -> 787.75 | H76: =O45 -> 5.3 | I76: Фронон | J76: =[1]Основные!$F$113 -> 920 | K76: =[1]Основные!$F$114 -> 747.5 | L76: 1.03
A77: окр | B77: =L54 -> С-44 0,7мм | C77: =(C8+0.3)*(C9+1)*1.1 -> 1227.93 | D77: м2 | E77: =M54 -> 1265 | H77: =O54 -> 7.4 | I77: Уголок 50х50 вн | J77: =[1]Основные!$F$100 -> 736 | K77: =[1]Основные!$F$102 -> #N/A | L77: 0.93
B78: Снегозадержатель | C78: =IF(I13=1,0,2*C9/1.4) -> 0 | D78: шт. | E78: =[1]Основные!$F$152 -> 2071 | F78: =C78*E78 -> 0 | G78: =C78*H78 -> 0 | H78: 4 | I78: Уголок 50х50 нар | J78: =[1]Основные!$F$100 -> 736 | K78: =K77 -> #N/A | L78: 0.93
B79: Уплотнитель (2м) | C79: =2*C74 -> 64 | D79: шт. | E79: =[1]Основные!$F$173 -> 612 | F79: =C79*E79 -> 39168 | G79: =C79*H79 -> 0 | I79: Уголок 85х85 вн | J79: =J80 -> 920 | K79: =[1]Основные!$F$107 -> 747.5 | L79: 2.3
B80: Накладные расходы: | C80: 0.05 | F80: =SUM(F73:F79)*C80 -> 7272.5031 | I80: Уголок 85х85 нар | J80: =[1]Основные!$F$103 -> 920 | K80: =[1]Основные!$F$104 -> 747.5 | L80: 2.3
B81: Итого кровля | F81: =SUM(F73:F80) -> 152722.56 | G81: =SUM(G73:G80) -> 306.18
C82: Итого материалы: | F82: =F32+F44+F81+F49+F61+F71 -> 3387198.2 | G82: =G32+G44+G81+G49+G61+G71 -> 16790.109
A83: ДОПОЛНИТЕЛЬНЫЕ МАТЕРИАЛЫ
A84: 1 | B84: Каркас | I84: тр кв | J84: п.в,т/п.м
B85: Саморез 5,5x25 | C85: =K90*634 -> 6974 | D85: шт. | E85: =[1]Основные!$F$430 -> 1.6215 | F85: =C85*E85 -> 11308.341 | G85: =C85*H85 -> 29.9882 | H85: 0.0043 | I85: 80*4 | J85: =9.6/1000 -> 0.0096
B86: Дюбель гвоздь 6х60 | C86: =(C9+C8)*2/0.5+1 -> 313 | D86: шт. | E86: =[1]Основные!$F$427 -> 4.1285 | F86: =C86*E86 -> 1292.2205 | G86: =H86*C86 -> 1.5024 | H86: 0.0048 | I86: 120*4 | J86: =14.57/1000 -> 0.01457 | K86: вес фасонок в раме
B87: Болт М12х40 | C87: =16*K90 -> 176 | D87: шт. | E87: =[1]Перекупные!$F$54 -> 12.88 | F87: =C87*E87 -> 2266.88 | G87: =H87*C87 -> 8.8 | H87: 0.05 | I87: 160*4 | J87: =0.02433 -> 0.02433 | K87: 0.298 | L87: т
B88: Гайка М12 | C88: =C87*2 -> 352 | D88: шт. | E88: =[1]Перекупные!$F$55 -> 4.255 | F88: =C88*E88 -> 1497.76 | G88: =H88*C88 -> 5.632 | H88: 0.016 | I88: 180*5 | J88: 0.02747
B89: Шайба 12 | C89: =C87 -> 176 | D89: шт. | E89: =[1]Перекупные!$F$56 -> 1.035 | F89: =C89*E89 -> 182.16 | G89: =H89*C89 -> 0.88 | H89: 0.005 | I89: уголки | K89: количество рам | M89: шаг | N89: высота | O89: длина
H90: 0.19 | I90: 63*5 | J90: =4.81/1000 -> 0.00481 | K90: =I17 -> 11 | L90: шт | M90: =C11 -> 6 | N90: =C10 -> 6 | O90: =C9 -> 60
B91: Ферма 14м | C91: 1 | D91: шт | E91: =0.964*E96 -> 161855.6 | F91: =C91*E91 -> 161855.6 | G91: =C91*H91 -> 964 | H91: 964 | I91: 75*5 | J91: =5.8/1000 -> 0.0058
H92: 0.016 | I92: 80*6 | J92: =7.4/1000 -> 0.0074 | K92: гор.св/м | L92: =SQRT(3*3+M90*M90) -> 6.7082039
B93: Болт М16х50 | C93: =L98*K90 -> 5456 | D93: шт. | E93: =[1]Перекупные!$F$62 -> 30.015 | F93: =C93*E93 -> 163761.84 | G93: =H93*C93 -> 654.72 | H93: 0.12 | I93: 90*6 | J93: =8.4/1000 -> 0.0084 | K93: дл верт св | L93: =SQRT(M90*M90+N90*N90) -> 8.4852814
B94: Гайка М16 | C94: =C93 -> 5456 | D94: шт. | E94: =[1]Перекупные!$F$63 -> 10.6375 | F94: =C94*E94 -> 58038.2 | G94: =H94*C94 -> 201.872 | H94: 0.037 | I94: 100*7 | J94: =10.79/1000 -> 0.01079 | K94: Количество распорок из трубы | N94: РАСПОРКИ ПГС
B95: Шайба 16 | C95: =C93 -> 5456 | D95: шт. | E95: =[1]Перекупные!$F$64 -> 2.99 | F95: =C95*E95 -> 16313.44 | G95: =H95*C95 -> 60.016 | H95: 0.011 | I95: 110*7 | J95: =11.89/1000 -> 0.01189 | K95: 3 | L95: шт | N95: 3
B96: Конструкции из труб | C96: =(4*(C10+0.5)*J87+0.3*L155+J85*K95*O90)*1.05+J85*L150 -> 2.478609 | D96: т | E96: =[1]Перекупные!$F$6 -> 167900 | F96: =C96*E96 -> 416158.45 | G96: =H96*C96 -> 2478.609 | H96: 1000 | I96: 125*8 | J96: =15.5/1000 -> 0.0155
A97: =C96+C97+C98+H91/1000 -> 13.139135 | B97: Уголок | C97: =((K90-2)*(C8+2.5*2)*2*J93+(6*3*2)*L92*J90+(4*2)*L93*J97)*1.05 -> 6.2546264 | D97: т | E97: =[1]Перекупные!$F$7 -> 172500 | F97: =C97*E97 -> 1078923.1 | G97: =H97*C97 -> 6254.6264 | H97: 1000 | I97: 140*9 | J97: =19.41/1000 -> 0.01941
B98: Лист | C98: =K90*K87*1.05 -> 3.4419 | D98: т | E98: =[1]Перекупные!$F$4 -> 164890 | F98: =C98*E98 -> 567534.89 | G98: =H98*C98 -> 3441.9 | H98: 1000 | K98: М 16 болт | L98: =IF(K95=0,(344+20+(C9/C11+1)*4*N95),(344+20+(C9/C11+1)*4*K95)) -> 496 | M98: шт/раму
B99: Накладные расходы: | C99: 0.05 | F99: =SUM(F85:F98)*C99 -> 123956.64 | I99: =A97/C8/C9 -> 0.012165866 | K99: М 12 болт | L99: 8 | M99: шт/раму
B100: Итого каркас | F100: =SUM(F85:F99) -> 2603089.5 | G100: =SUM(G85:G99) -> 14102.546
A101: 2 | B101: Стена
...

Sheet 21
C1: Предварительная ведомость материалов | H1: Укажите тип обшивки
A3: Проектно-расчетный отдел | H3: наружная | I3: 2
H4: внутренняя | I4: 2
B5: Снег/Ветер : | C5: 3 | D5: 2 | F5: ТЗ № | G5: 10108
A6: место стр | B6: Челябинск | H6: нет обшивки | J6: 0
A7: обьект | B7: Ангар | F7: =IF(I13=1,"альбом","проект") -> альбом | H7: оцинкованный профлист | J7: 1
B8: Пролет, м : | C8: 21 | F8: ур. отв | G8: 3 | H8: окрашенный профлист | J8: 2
B9: Длина, м : | C9: 60 | F9: Ст.огн. | G9: 5 | H9: сайдинг (горизонт) | J9: 3 | M9: шаг
B10: Высота, м : | C10: 6 | H10: фасадная панель (верт.) | J10: 4 | M10: 2ур | N10: 3ур
A11: шаг рам, м : | C11: 4 | H11: ГВЛ | J11: 5 | L11: 3снег | M11: 3 | N11: 4
B12: наружная обшивка : | C12: =IF(I3=0,"нет",IF(I3=1,"оцинкованный профлист",IF(I3=2,"окрашенный профлист",IF(I3=3,"окрашенный профлист, сайдинг","окрашенный профлист, фасадная кассета")))) -> окрашенный профлист | H12: Альбом-1 | I12: Выбрать 1или 2 | L12: 4 снег | M12: 2.5 | N12: 3
B13: внутренняя обшивка : | C13: =IF(I4=0,"нет",IF(I4=1,"оцинкованный профлист",IF(I4=2,"окрашенный профлист",IF(I4=3,"окрашенный профлист, сайдинг","окрашенный профлист, фасадная панель")))) -> окрашенный профлист | H13: Проект-2 | I13: 1 | J13: расчет балки | L13: 5 снег | M13: 2 | N13: 2.5
D14: утепление кровли: | E14: 200 | F14: мм | J14: =15*3.14/180 -> 0.26166667
D15: утепление стен: | E15: 150 | F15: мм | J15: =COS(J14) -> 0.96596017 | L15: 3 снег | M15: 2/3 | N15: 2/3 | O15: 3м
I16: Кол.-во рам | J16: =C8/2/J15*2 -> 21.740027 | M16: 2,5/3 | N16: 2,5/3 | O16: 6м
D17: перегородки | E17: 0 | F17: м2 | I17: =CEILING(C9/C11+1,1) -> 16 | L17: 4 снег | M17: 2/3 | N17: 2/3 | O17: 3м
A18: МАТЕРИАЛЫ ЗАО "ИНСИ" | I18: эл. Рамы | J18: цена п м | K18: вес пм | M18: 2,5/3 | N18: 2,5/3 | O18: 6м
A19: № п.п. | B19: наименование | C19: кол-во | D19: ед. изм | E19: цена ед. | F19: цена | G19: общий вес, кг | H19: вес элемента,кг | I19: ПГС-S 300х80х1,5 | J19: =[1]Основные!$F$342 -> 1043.7 | K19: 5.974 | L19: 5 снег | M19: 2/3 | N19: 2/3 | O19: 3м
A20: 1 | B20: Каркас | I20: ПГС-S 300х80х2 | J20: =[1]Основные!$F$343 -> 1370.25 | K20: 7.913 | M20: 2,5/3 | N20: 2,5/3 | O20: 6м
A21: б | B21: =I21 -> ПГС-S 300х80х3 | C21: =I17*(J16)*2 -> 695.68086 | D21: п.м. | E21: =J21 -> 2020.2 | F21: =C21*E21 -> 1405414.5 | G21: =C21*H21 -> 8170.076 | H21: =K21 -> 11.744 | I21: ПГС-S 300х80х3 | J21: =[1]Основные!$F$345 -> 2020.2 | K21: 11.744
A22: к | B22: =I20 -> ПГС-S 300х80х2 | C22: =I17*4*(C10-0.07) -> 379.52 | D22: п.м. | E22: =J20 -> 1370.25 | F22: =C22*E22 -> 520037.28 | G22: =H22*C22 -> 3003.1418 | H22: =K20 -> 7.913 | I22: ПГС 145х50х1,5 | J22: =[1]Основные!$F$294 -> 532.35 | K22: 3.07 | L22: 3 снег | M22: =I29 -> ТПС 150х1,5 | N22: =M22 -> ТПС 150х1,5
A23: р | B23: =I25 -> ПГС 145х70х2 | C23: =5*C9+4*C11 -> 316 | D23: п.м. | E23: =J25 -> 833.7 | F23: =C23*E23 -> 263449.2 | G23: =H23*C23 -> 1523.12 | H23: =K25 -> 4.82 | I23: ПГС 145х50х2 | J23: =[1]Основные!$F$295 -> 704.55 | K23: 4.08 | L23: 4 снег | M23: =I29 -> ТПС 150х1,5 | N23: =I29 -> ТПС 150х1,5 | O23: шаг прогонов 1,5
A24: пр | B24: =I31 -> ТПС 200х1,5 | C24: =IF(I13=1,16*2*(C9+2*E15/1000),17*2*(C9+2*E15/1000)) -> 1929.6 | D24: п.м. | E24: =J31 -> 604 | F24: =C24*E24 -> 1165478.4 | G24: =C24*H24 -> 6670.6272 | H24: =K31 -> 3.457 | I24: ПГС 145х70х1,5 | J24: =[1]Основные!$F$299 -> 630 | K24: 3.64 | L24: 5 снег | M24: =I30 -> ТПС 150х65х1,5 | N24: =I29 -> ТПС 150х1,5
A25: с/з | B25: ПП150х1,5 | C25: =IF(I13=1,0,2*(C9+1)) -> 0 | D25: п.м. | E25: =J39 -> 476.7 | F25: =C25*E25 -> 0 | G25: =C25*H25 -> 0 | H25: =K39 -> 2.559 | I25: ПГС 145х70х2 | J25: =[1]Основные!$F$301 -> 833.7 | K25: 4.82 | L25: ПГС-S 300х80х2,5 | M25: =[1]Основные!$F$344 -> 1693.65 | N25: 9.668
B26: =I43 -> ПШ 61х1 | C26: =2*(C8+2*C10)*1.1 -> 72.6 | D26: п.м. | E26: =J43 -> 223 | F26: =C26*E26 -> 16189.8 | G26: =C26*H26 -> 118.338 | H26: =K43 -> 1.63
B27: Лист пл оц 1мм (тяж) | C27: =2*C8*0.05*I17 -> 33.6 | D27: м2 | E27: =[1]Основные!$F$40 -> 1061.312 | F27: =C27*E27 -> 35660.083 | G27: =C27*H27 -> 201.6 | H27: 6
A28: водосток | B28: ПС 145х1,5 | C28: =4*C9 -> 240 | D28: п.м. | E28: =J41 -> 521.85 | H28: =K41 -> 2.8
B29: Фс11, Фс14 | C29: =I17*(C8+2*C10)/0.6 -> 880 | D29: шт. | E29: =[1]Основные!$F$544 -> 291 | F29: =C29*E29 -> 256080 | G29: =C29*H29 -> 1232 | H29: 1.4 | I29: ТПС 150х1,5 | J29: =[1]Основные!$D$259 -> 507 | K29: 2.86
B30: Фс12 | C30: =2*C29 -> 1760 | D30: шт. | E30: =[1]Основные!$F$545 -> 114 | F30: =C30*E30 -> 200640 | G30: =C30*H30 -> 880 | H30: 0.5 | I30: ТПС 150х65х1,5 | J30: =[1]Основные!$D$265 -> 570 | K30: 3.338
B31: Накладные расходы: | C31: 0.05 | F31: =SUM(F21:F30)*C31 -> 193147.46 | I31: ТПС 200х1,5 | J31: =[1]Основные!$D$277 -> 604 | K31: 3.457
B32: Итого каркас | F32: =SUM(F21:F31) -> 4056096.7 | G32: =SUM(G21:G31) -> 21798.903 | I32: ТПС 200х2 | J32: =[1]Основные!$D$278 -> 779 | K32: 4.529
A33: 2 | B33: Стены | I33: ТПС 200х65х1,5 | J33: =[1]Основные!$D$284 -> 666 | K33: 3.936
A34: нс | B34: ТПП 150х1,2 | C34: =((C10+0.5)/1.2+1)*(C8+C9)*2*1.1 -> 1143.45 | D34: п.м. | E34: =M38 -> 362.25 | F34: =M38 -> 362.25 | G34: =H34*C34 -> 2309.769 | H34: =N38 -> 2.02 | I34: ТПС 200х65х2 | J34: =[1]Основные!$D$285 -> 882 | K34: 5.164
A35: сс | B35: =I41 -> ТПС 145х1,5 | C35: =(C8+C9)*2/C11*(C10+0.5)*2*1.1+L142*J142/0.6*O142+(J142+K142)*2*2*L142*1.1 -> 579.15 | D35: п.м. | E35: =J41 -> 521.85 | F35: =E35*C35 -> 302229.43 | G35: =H35*C35 -> 1621.62 | H35: =K41 -> 2.8 | I35: ТПС 245х65х1,5 | J35: =[1]Основные!$D$288 -> 753 | K35: 4.473
A36: цок (100) | B36: ТПП 150х1 | C36: =2*(C8+C9)*2*1.1 -> 356.4 | D36: п.м. | E36: =J38 -> 262.5 | F36: =C36*E36 -> 93555 | G36: =C36*H36 -> 615.5028 | H36: =K38 -> 1.727 | I36: ТПС 245х65х2 | J36: =[1]Основные!$D$289 -> 997 | K36: 5.8
B37: ПШ 40х1 | C37: =IF(I3=J10,C41/0.6,0) -> 0 | D37: п.м. | E37: =J45 -> 190 | F37: =C37*E37 -> 0 | G37: =C37*H37 -> 0 | H37: 1.4 | I37: ТПП 110х1 | J37: =[1]Основные!$F$215 -> 218.4 | K37: 1.406 | L37: ТПП 110х1,2 | M37: =[1]Основные!$F$216 -> 302.4 | N37: 1.69
B38: Уголок 50х50 внутр. (3м) | C38: =(3*C9+2*C8)/2.9 -> 76.551724 | D38: шт. | E38: =J67 -> 736 | F38: =C38*E38 -> 56342.069 | G38: =C38*H38 -> 71.193103 | H38: =L67 -> 0.93 | I38: ТПП 150х1 | J38: =[1]Основные!$F$227 -> 262.5 | K38: 1.727 | L38: ТПП 150х1,2 | M38: =[1]Основные!$F$228 -> 362.25 | N38: 2.02
B39: Уголок 85x85 наружный (2м) | C39: =4*C10/1.9 -> 12.631579 | D39: шт. | E39: =J70 -> 920 | F39: =C39*E39 -> 11621.053 | G39: =C39*H39 -> 29.052632 | H39: =L69 -> 2.3 | I39: ТПП 150х1,5 | J39: =[1]Основные!$F$229 -> 476.7 | K39: 2.559
A40: =IF(I3=2,"нар.окр","нар. оц") -> нар.окр | B40: =L45 -> МП 20 0,45 | C40: =(C8*2+C9*2)*(C10+0.5)*1.1+C8*3*1.1 -> 1227.6 | D40: п.м. | E40: =M45 -> 787.75 | F40: =E40*C40 -> 967041.9 | G40: =H40*C40 -> 6506.28 | H40: =O45 -> 5.3 | I40: ТПП 200х1 | J40: =[1]Основные!$F$239 -> 318.15 | K40: 2.118
B41: ПФ 0,7мм | C41: =IF(I3=J10,2*(C8+C9)*C10*1.2+C9*2.5*1.2,0) -> 0 | D41: м2 | E41: =M50 -> 1255 | H41: =O50 -> 5 | I41: ТПС 145х1,5 | J41: =[1]Основные!$F$253 -> 521.85 | K41: 2.8
A42: =IF(I4=2,"вн.ок","вн.оц") -> вн.ок | B42: =L45 -> МП 20 0,45 | C42: =C40 -> 1227.6 | D42: м2 | E42: =M45 -> 787.75 | F42: =E42*C42 -> 967041.9 | G42: =H42*C42 -> 6506.28 | H42: =O45 -> 5.3 | I42: ТПС 195х1,5 | J42: =[1]Основные!$F$273 -> 618.45 | K42: 3.09 | L42: элемент | M42: руб/м.кв(окр) | N42: руб/м.кв(оц) | O42: вес кг/м.кв. | P42: порошек
B43: Накладные расходы: | C43: 0.05 | F43: =SUM(F34:F42)*C43 -> 119909.68 | I43: ПШ 61х1 | J43: =[1]Основные!$F$352 -> 223 | K43: 1.63 | L43: С-13 0,5мм | M43: =[1]Основные!$D$29 -> #N/A | N43: =[1]Основные!$D$31 -> #N/A | O43: 4.6
B44: Итого стены | F44: =SUM(F34:F43) -> 2518103.3 | G44: =SUM(G34:G43) -> 17659.698 | I44: ПШ 28х0,7 | J44: =[1]Основные!$F$350 -> #N/A | K44: 0.78
A45: 3 | B45: Перегородки | I45: ПШ 40х1 | J45: =[1]Основные!$F$355 -> 190 | K45: 1.4 | L45: МП 20 0,45 | M45: =[1]Основные!$F$74 -> 787.75 | N45: =[1]Основные!$F$75 -> 590.4445 | O45: 5.3 | P45: 547
B46: ТПП 110х1 | C46: =IF(E17>0,D155+D156,0) -> 0 | D46: п.м. | E46: =J37 -> 218.4 | F46: =C46*E46 -> 0 | G46: =C46*H46 -> 0 | H46: =K37 -> 1.406
A47: окр | B47: =L45 -> МП 20 0,45 | C47: =IF(E17>0,E17*2*1.1,0) -> 0 | D47: п.м. | E47: =M45 -> 787.75 | F47: =C47*E47 -> 0 | G47: =C47*H47 -> 0 | H47: =O45 -> 5.3 | L47: С-8 0,5 мм | M47: =[1]Основные!$F$26 -> 1 | N47: =[1]Основные!$F$23 -> 555 | O47: 4.6
B48: Накладные расходы: | C48: 0.05 | F48: =SUM(F46:F47)*C48 -> 0
B49: Итого | F49: =SUM(F46:F48) -> 0 | G49: =SUM(G46:G48) -> 0 | L49: Сайдинг | M49: =[1]Основные!$F$86 -> 1035
A50: 3 | B50: Водосток | E50: ф 150мм | I50: ф100 | L50: ПФ | M50: =[1]Основные!$F$16 -> 1255 | O50: 5
B51: Труба | C51: =C56*C10 -> 84 | D51: п.м. | E51: =[1]Основные!$F$142 -> 840 | H51: 1.5 | I51: =[1]Основные!$F$130 -> 585 | L51: КФ | M51: =[1]Основные!$F$11 -> 1868
B52: Желоб | C52: =2*C9 -> 120 | D52: п.м. | E52: =[1]Основные!$F$141 -> 635 | H52: 1.5 | I52: =[1]Основные!$F$129 -> 466 | L52: С-44 0,5мм | M52: =[1]Основные!$F$80 -> 868.25 | N52: =[1]Основные!$F$81 -> 648.531 | O52: 5.3 | P52: 541
B53: Держатель трубы | C53: =C51/2 -> 42 | D53: шт. | E53: =[1]Основные!$F$144 -> 413 | H53: 0.5 | I53: =[1]Основные!$F$132 -> 351
B54: Держатель желоба | C54: =C52/0.7 -> 171.42857 | D54: шт. | E54: =E53 -> 413 | H54: 0.5 | I54: =[1]Основные!$F$132 -> 351 | L54: С-44 0,7мм | M54: =[1]Основные!$F$83 -> 1265 | N54: =[1]Основные!$F$84 -> 924.6115 | O54: 7.4
B55: Заглушка желоба | C55: =4 -> 4 | D55: шт. | E55: =[1]Основные!$F$145 -> 146 | H55: 0.5 | I55: =[1]Основные!$F$134 -> 129
B56: Колено сливное | C56: =CEILING(C8*C9/102,2) -> 14 | D56: шт. | E56: =[1]Основные!$F$143 -> 495 | H56: 0.5 | I56: =[1]Основные!$F$131 -> 463 | L56: Н-60 0,7 | M56: =[7]Источник!$G$56 -> 0 | N56: =[7]Источник!$G$52 -> 0 | O56: 8.8
B57: Колено угловое | C57: =2*C56 -> 28 | D57: шт. | E57: =E56 -> 495 | H57: 0.5 | I57: =[1]Основные!$F$131 -> 463
B58: Соединитель желоба | C58: =C52/5 -> 24 | D58: шт. | E58: =[1]Основные!$F$148 -> 309 | H58: 0.5 | I58: =[1]Основные!$F$133 -> 64 | L58: НС-35 0,7 | M58: =[7]Источник!$G$69 -> 0 | O58: 7.4
B59: Патрубок | C59: =C56 -> 14 | D59: шт. | E59: =[1]Основные!$F$146 -> 408 | H59: 0.5 | I59: =[1]Основные!$F$135 -> 352 | L59: НС-35 0,5 | M59: =[7]Источник!$G$70 -> 0 | O59: 5.4
B60: Накладные расходы: | C60: 0.05 | F60: =SUM(F51:F59)*C60 -> 0
B61: ИТОГО водосток | F61: =SUM(F51:F60) -> 0 | G61: =SUM(G51:G60) -> 0
A62: 3 | B62: Кровля
B63: Лист 0.7мм оц | C63: =C9*0.5*1.11 -> 33.3 | D63: м2 | E63: =[1]Основные!$F$39 -> 810.152 | F63: =C63*E63 -> 26978.062 | G63: =C63*H63 -> 233.1 | H63: 7
B64: Конек плоский (2м) | C64: =CEILING(C9/1.9,1) -> 32 | D64: шт. | E64: =IF(I3=1,K65,J65) -> 1903.25 | F64: =E64*C64 -> 60904 | G64: =H64*C64 -> 52.48 | H64: =L65 -> 1.64 | I64: элемент | J64: ок р/шт | K64: оц р/шт | L64: вес кг/п.м
B65: Фронтон (2м) | C65: =CEILING(2*C8/1.8,1) -> 24 | D65: шт. | E65: =IF(I3=1,K66,J66) -> 920 | F65: =E65*C65 -> 22080 | G65: =H65*C65 -> 24.72 | H65: =L66 -> 1.03 | I65: Конек | J65: =[1]Основные!$F$110 -> 1903.25 | K65: =[1]Основные!$F$111 -> 1575.5 | L65: 1.64
A66: =IF(I4=2,"вн.ок","вн.оц") -> вн.ок | B66: =L45 -> МП 20 0,45 | C66: =C8*C9*1.1 -> 1386 | D66: м2 | E66: =M45 -> 787.75 | F66: =E66*C66 -> 1091821.5 | G66: =H66*C66 -> 7345.8 | H66: =O45 -> 5.3 | I66: Фронон | J66: =[1]Основные!$F$113 -> 920 | K66: =[1]Основные!$F$114 -> 747.5 | L66: 1.03
A67: =IF(I3=2,"нар.ок","нар.оц") -> нар.ок | B67: =L54 -> С-44 0,7мм | C67: =(C8+0.6)*(C9+1)*1.1 -> 1449.36 | D67: м2 | E67: =M54 -> 1265 | F67: =E67*C67 -> 1833440.4 | G67: =H67*C67 -> 10725.264 | H67: =O54 -> 7.4 | I67: Уголок 50х50 вн | J67: =[1]Основные!$F$100 -> 736 | K67: =[7]Источник!$F$128 -> 486 | L67: 0.93
B68: Снегозадержатель | C68: =IF(I13=1,0,2*C9/1.4) -> 0 | D68: шт. | E68: =[1]Основные!$F$152 -> 2071 | F68: =E68*C68 -> 0 | G68: =H68*C68 -> 0 | H68: 4 | I68: Уголок 50х50 нар | J68: =[1]Основные!$F$100 -> 736 | L68: 0.93
B69: Уплотнитель (2м) | C69: =2*C64 -> 64 | D69: шт. | E69: =[1]Основные!$F$173 -> 612 | F69: =E69*C69 -> 39168 | G69: =H69*C69 -> 0 | I69: Уголок 85х85 вн | J69: =[1]Основные!$D$106 -> 339.5 | K69: =[1]Основные!$F$107 -> 747.5 | L69: 2.3
B70: Накладные расходы: | C70: 0.05 | F70: =SUM(F63:F69)*C70 -> 153719.6 | I70: Уголок 85х85 нар | J70: =[1]Основные!$F$103 -> 920 | K70: =[1]Основные!$F$104 -> 747.5 | L70: 2.3
B71: Итого кровля | F71: =SUM(F63:F70) -> 3228111.6 | G71: =SUM(G63:G70) -> 18381.364
C72: Итого материалы: | F72: =F32+F44+F71+F49+F61 -> 9802311.5 | G72: =G32+G44+G71+G49+G61 -> 57839.965
A73: ДОПОЛНИТЕЛЬНЫЕ МАТЕРИАЛЫ
A74: 1 | B74: Каркас | I74: тр кв | J74: п.в,т/п.м
B75: Саморез 5,5x25 | C75: =K80*890 -> 14240 | D75: шт. | E75: =[1]Основные!$F$430 -> 1.6215 | F75: =C75*E75 -> 23090.16 | G75: =C75*H75 -> 61.232 | H75: 0.0043 | I75: 80*4 | J75: =9.6/1000 -> 0.0096
B76: Дюбель гвоздь 6х60 | C76: =(C9+C8)*2/0.5*2 -> 648 | D76: шт. | E76: =[1]Основные!$F$427 -> 4.1285 | F76: =C76*E76 -> 2675.268 | G76: =H76*C76 -> 3.1104 | H76: 0.0048 | I76: 120*4 | J76: =14.57/1000 -> 0.01457 | K76: вес фасонок на раму
B77: Болт М12х40 | C77: =25*K80 -> 400 | D77: шт. | E77: =[1]Перекупные!$F$54 -> 12.88 | F77: =C77*E77 -> 5152 | G77: =H77*C77 -> 20 | H77: 0.05 | I77: 160*4 | J77: =0.02433 -> 0.02433 | K77: 0.298 | L77: т
B78: Гайка М12 | C78: =C77 -> 400 | D78: шт. | E78: =[1]Перекупные!$F$55 -> 4.255 | F78: =C78*E78 -> 1702 | G78: =H78*C78 -> 6.4 | H78: 0.016 | I78: 180х5 | J78: 0.02747
B79: Шайба 12 | C79: =C77 -> 400 | D79: шт. | E79: =[1]Перекупные!$F$56 -> 1.035 | F79: =C79*E79 -> 414 | G79: =H79*C79 -> 2 | H79: 0.005 | I79: уголки | K79: количество рам | M79: шаг | N79: длина | O79: высота
I80: 63*5 | J80: =4.81/1000 -> 0.00481 | K80: =I17 -> 16 | L80: шт | M80: =C11 -> 4 | N80: =C9 -> 60 | O80: =C10 -> 6
I81: 75*5 | J81: =5.8/1000 -> 0.0058
I82: 80*6 | J82: =7.4/1000 -> 0.0074 | K82: гор.св/м | L82: =SQRT(3*3+M80*M80) -> 5 | M82: =SQRT(4.5*4.5+M80*M80) -> 6.0207973
B83: Болт М16х50 | C83: =L88*K80 -> 10944 | D83: шт. | E83: =[1]Перекупные!$F$62 -> 30.015 | F83: =C83*E83 -> 328484.16 | G83: =H83*C83 -> 1313.28 | H83: 0.12 | I83: 90*6 | J83: =8.4/1000 -> 0.0084 | K83: дл верт св | L83: =SQRT(O80*O80+M80*M80) -> 7.2111026
B84: Гайка М16 | C84: =C83 -> 10944 | D84: шт. | E84: =[1]Перекупные!$F$63 -> 10.6375 | F84: =C84*E84 -> 116416.8 | G84: =H84*C84 -> 404.928 | H84: 0.037 | I84: 100*7 | J84: =10.79/1000 -> 0.01079 | K84: Количество распорок из трубы | N84: РАСПОРКИ ПГС
B85: Шайба 16 | C85: =C83 -> 10944 | D85: шт. | E85: =[1]Перекупные!$F$64 -> 2.99 | F85: =C85*E85 -> 32722.56 | G85: =H85*C85 -> 120.384 | H85: 0.011 | I85: 110*7 | J85: =11.89/1000 -> 0.01189 | K85: 0 | L85: шт | N85: 5
B86: Конструкции из труб | C86: =(8*(C10+0.5)*J77+0.3*L144+J75*K85*N80)*1.05+J75*L139*0 -> 1.328418 | D86: т | E86: 129600 | F86: =C86*E86 -> 172162.97 | G86: =H86*C86 -> 1328.418 | H86: 1000 | I86: 125*8 | J86: =15.5/1000 -> 0.0155
A87: =C86+C87+C88 -> 13.024364 | B87: Уголок | C87: =((K80-2)*(C8+3*2)*2*J80+(4*3*2)*L82*J83+(2*3*2)*M82*J83+(4*2)*L83*J87)*1.05 -> 6.6895462 | D87: т | E87: 132000 | F87: =C87*E87 -> 883020.1 | G87: =H87*C87 -> 6689.5462 | H87: 1000 | I87: 140*9 | J87: =19.41/1000 -> 0.01941
B88: Лист | C88: =K80*K77*1.05 -> 5.0064 | D88: т | E88: 132960 | F88: =C88*E88 -> 665650.94 | G88: =H88*C88 -> 5006.4 | H88: 1000 | I88: =[1]Перекупные!$F$12 -> 179400 | K88: М16 болт | L88: =IF(K85=0,(344+20+(C9/C11+1)*4*N85),(344+20+(C9/C11+1)*4*K85)) -> 684 | M88: шт рама
I89: =[1]Перекупные!$F$13 -> 183430
B90: Накладные расходы: | C90: 0.05 | F90: =SUM(F75:F89)*C90 -> 111574.55 | I90: =[1]Перекупные!$F$10 -> 173650 | K90: М12 болт | L90: 8 | M90: шт рама
B91: Итого каркас | F91: =SUM(F75:F90) -> 2343065.5 | G91: =SUM(G75:G90) -> 14955.699 | I91: =A87/I129 -> 0.010336797
A92: 2 | B92: Стена
B93: Саморез 4,8x20 | C93: =10*(C40+C42) -> 24552 | D93: шт. | E93: =IF(I3=2,J94,K94) -> 2.346 | F93: =C93*E93 -> 57598.992 | G93: =H93*C93 -> 63.8352 | H93: 0.0026 | J93: ок | K93: оц
B94: Штрипс (защита рам) | C94: =IF(G9=4,K80*(C8+0.5+2*C10)*0.2,0) -> 0 | D94: м2 | E94: =[1]Основные!$F$38 -> 1786.4 | F94: =C94*E94 -> 0 | G94: =H94*C94 -> 0 | H94: 14 | I94: Саморез 4,8x20 | J94: =[1]Основные!$F$425 -> 2.346 | K94: =[1]Основные!$F$426 -> 1.8975
B95: Утеплитель | C95: =2*(C8+C9)*(C10+0.5)*E15/1000*1.05+C8*2*E15/1000*1.05 -> 172.4625 | D95: м3 | E95: =J99 -> 4140 | F95: =C95*E95 -> 713994.75 | G95: =H95*C95 -> 5173.875 | H95: 30 | J95: 5 | K95: 4и3 | L95: 2
B96: =L132 -> с\з 5,5х240 | C96: =C97/I101*6*1.1 -> 1382.535 | D96: шт. | E96: =M132 -> 145.7 | H96: 0.05
B97: =L126 -> СП 200 | C97: =(C8+C9)*2*(C10+1)*1.05+C8*3*1.05 -> 1256.85 | D97: м2 | E97: =M126 -> 5137 | H97: =O126 -> 29.6
B98: БК шнур | C98: =C96/I101*(I101+1)*1.1*2 -> 3548.5065 | D98: п.м. | E98: =[1]Перекупные!$F$85 -> 63.25
B99: ГВЛ | C99: =(C8+C9)*2*C10 -> 972 | D99: м2 | E99: =J105 -> 280.6 | H99: 18 | I99: Утеплитель | J99: =[1]Основные!$F$161 -> 4140 | K99: =[1]Основные!$F$162 -> 4150 | L99: =[1]Основные!$F$160 -> 4650
B100: саморез 3,5х25 | C100: =20*C99 -> 19440 | D100: шт. | E100: =[1]Перекупные!$F$29 -> 0.92 | H100: 0.003 | J100: =[1]Основные!$F$158 -> 3450
B101: ПС 50х50 (под гвл) | C101: =C99/0.6 -> 1620 | D101: п.м. | E101: =[1]Перекупные!$F$79 -> 241.5 | H101: 0.7 | I101: 6 | J101: пл панели м2
...

Sheet 1ск
C1: Предварительная ведомость материалов | H1: Укажите тип обшивки
A3: Проектно-расчетный отдел | H3: наружная | I3: 2
H4: внутренняя | I4: 2
B5: Снег/Ветер : | C5: 3 | D5: 2 | F5: ТЗ № | G5: 10256
A6: место стр | B6: Челябинск | H6: нет обшивки | J6: 0
A7: обьект | B7: Ангар | F7: =IF(I13=1,"альбом","проект") -> альбом | H7: оцинкованный профлист | J7: 1
B8: Пролет, м : | C8: 12 | F8: ур. отв | G8: 3 | H8: окрашенный профлист | J8: 2
B9: Длина, м : | C9: 60 | F9: Ст.огн. | G9: 5 | H9: сайдинг (горизонт) | J9: 3
B10: Высота, м : | C10: 6 | H10: фасадная панель (верт.) | J10: 4
A11: шаг рам, м : | C11: 6 | H11: ГВЛ | J11: 5
B12: наружная обшивка : | C12: =IF(I3=0,"нет",IF(I3=1,"оцинкованный профлист",IF(I3=2,"окрашенный профлист",IF(I3=3,"окрашенный профлист, сайдинг","окрашенный профлист, фасадная кассета")))) -> окрашенный профлист | H12: Альбом-1 | I12: Выбрать 1или 2
B13: внутренняя обшивка : | C13: =IF(I4=0,"нет",IF(I4=1,"оцинкованный профлист",IF(I4=2,"окрашенный профлист",IF(I4=3,"окрашенный профлист, сайдинг","окрашенный профлист, фасадная панель")))) -> окрашенный профлист | H13: Проект-2 | I13: 1 | J13: расчет балки | K13: расчет стойки
D14: утепление кровли: | E14: 200 | F14: мм | J14: =10*3.14/180 -> 0.17444444 | K14: =SIN(J14) -> 0.17356104
D15: утепление стен: | E15: 150 | F15: мм | J15: =COS(J14) -> 0.98482311 | K15: =K14*J16 -> 2.114829
I16: Кол.-во рам | J16: =C8/J15 -> 12.184929 | K16: =C10+K15 -> 8.114829
D17: перегородки | E17: 0 | F17: м2 | I17: =CEILING(C9/C11+1,1) -> 11
A18: МАТЕРИАЛЫ ЗАО "ИНСИ" | I18: эл. Рамы | J18: цена п м | K18: вес пм
A19: № п.п. | B19: наименование | C19: кол-во | D19: ед. изм | E19: цена ед. | F19: цена | G19: общий вес, кг | H19: вес элемента,кг | I19: ПГС-S 300х80х1,5 | J19: =[1]Основные!$F$342 -> 1043.7 | K19: 5.974
A20: 1 | B20: Каркас | I20: ПГС-S 300х80х2 | J20: =[1]Основные!$F$343 -> 1370.25 | K20: 7.913 | L20: ПГС-S 300х80х2,5 | M20: =[1]Основные!$F$344 -> 1693.65 | N20: =9.668 -> 9.668
A21: б | B21: =I20 -> ПГС-S 300х80х2 | C21: =I17*(J16)*2 -> 268.06844 | D21: п.м. | E21: =J20 -> 1370.25 | F21: =C21*E21 -> 367320.79 | G21: =C21*H21 -> 2121.2256 | H21: =K20 -> 7.913 | I21: ПГС-S 300х80х3 | J21: =[1]Основные!$F$345 -> 2020.2 | K21: 11.744
A22: к | B22: =I20 -> ПГС-S 300х80х2 | C22: =I17*(2*(C10+0.5)+2*(K16+0.5)) -> 332.52624 | D22: п.м. | E22: =J20 -> 1370.25 | F22: =C22*E22 -> 455644.08 | G22: =C22*H22 -> 2631.2801 | H22: =K20 -> 7.913 | I22: ПГС 145х50х1,5 | J22: =[1]Основные!$F$294 -> 532.35 | K22: 3.07
A23: р | B23: =I22 -> ПГС 145х50х1,5 | C23: =3*C9 -> 180 | D23: п.м. | E23: =J22 -> 532.35 | H23: =K25 -> 4.82 | I23: ПГС 145х50х2 | J23: =[1]Основные!$F$295 -> 704.55 | K23: 4.08
A24: пр | B24: =I34 -> ТПС 200х65х2 | C24: =IF(I13=1,10*2*(C9+1),11*2*(C9+1)) -> 1220 | D24: п.м. | E24: =J33 -> 666 | F24: =C24*E24 -> 812520 | G24: =C24*H24 -> 4801.92 | H24: =K33 -> 3.936 | I24: ПГС 145х70х1,5 | J24: =[1]Основные!$F$299 -> 630 | K24: 3.64
A25: с/з | B25: ПП150х1,5 | C25: =IF(I13=1,0,2*(C9+1)) -> 0 | D25: п.м. | E25: =J39 -> 476.7 | F25: =C25*E25 -> 0 | G25: =C25*H25 -> 0 | H25: =K39 -> 2.559 | I25: ПГС 145х70х2 | J25: =[1]Основные!$F$301 -> 833.7 | K25: 4.82
A26: вод | B26: ПС 145х1,5 | C26: =4*C9 -> 240 | D26: п.м. | E26: =J41 -> 521.85 | H26: =3 -> 3
B27: Лист пл . Оц. 1мм (тяж) | C27: =I17*(2*C8*0.05)*1.1 -> 14.52 | D27: м2 | E27: =[1]Основные!$F$40 -> 1061.312 | H27: 6
B28: ПШ 61х1 | C28: =2*(C8+2*C10)*1.1 -> 52.8 | D28: п.м. | E28: =J43 -> 223 | H28: =K43 -> 1.63
B29: Фс11, Фс14 | C29: =I17*(C8+2*C10)/0.6 -> 440 | D29: шт. | E29: =[1]Основные!$F$544 -> 291 | F29: =C29*E29 -> 128040 | G29: =C29*H29 -> 616 | H29: 1.4 | I29: ТПС 150х1,5 | J29: =[1]Основные!$D$259 -> 507 | K29: 2.86
B30: Фс12 | C30: =2*C29 -> 880 | D30: шт. | E30: =[1]Основные!$F$545 -> 114 | F30: =C30*E30 -> 100320 | G30: =C30*H30 -> 440 | H30: 0.5 | I30: ТПС 150х65х1,5 | J30: =[1]Основные!$D$265 -> 570 | K30: 3.338
B31: Накладные расходы: | C31: 0.05 | F31: =SUM(F21:F30)*C31 -> 93192.243 | I31: ТПС 200х1,5 | J31: =[1]Основные!$D$277 -> 604 | K31: 3.457
B32: Итого каркас | F32: =SUM(F21:F31) -> 1957037.1 | G32: =SUM(G21:G31) -> 10610.426 | I32: ТПС 200х2 | J32: =[1]Основные!$D$278 -> 779 | K32: 4.529
A33: 2 | B33: Стены | I33: ТПС 200х65х1,5 | J33: =[1]Основные!$D$284 -> 666 | K33: 3.936
A34: нс | B34: =I39 -> ТПП 150х1,5 | C34: =(C10/1.2+1)*(C8+C9)*2*1.1 -> 950.4 | D34: п.м. | E34: =J41 -> 521.85 | F34: =C34*E34 -> 495966.24 | G34: =C34*H34 -> 2851.2 | H34: 3 | I34: ТПС 200х65х2 | J34: =[1]Основные!$D$285 -> 882 | K34: 5.164
A35: сс | B35: ТПС 145х1,5 | C35: =(C8+C9)*2/C11*C10*2*1.1+L141*J141/0.6*O141+(J141+K141)*2*2*L141*1.1 -> 316.8 | D35: п.м. | E35: =J41 -> 521.85 | F35: =C35*E35 -> 165322.08 | G35: =C35*H35 -> 887.04 | H35: =K41 -> 2.8 | I35: ТПС 245х65х1,5 | J35: =[1]Основные!$D$288 -> 753 | K35: 4.473
A36: цок | B36: ТПП 150х1 | C36: =2*(C8+C9)*2 -> 288 | D36: п.м. | E36: =J38 -> 262.5 | H36: =K38 -> 1.727 | I36: ТПС 245х65х2 | J36: =[1]Основные!$D$289 -> 997 | K36: 5.8
B37: =I43 -> ПШ 61х1 | C37: =IF(I3=J10,C41/0.6,0) -> 0 | D37: п.м. | E37: =J43 -> 223 | F37: =C37*E37 -> 0 | G37: =C37*H37 -> 0 | H37: =K43 -> 1.63 | I37: ТПП 110х1 | J37: =[1]Основные!$F$215 -> 218.4 | K37: 1.406 | L37: ТПП 110х1,2 | M37: =[1]Основные!$F$216 -> 302.4 | N37: 1.69
B38: Уголок 50х50 внутр. (3м) | C38: =(3*C9+2*C8)/2.9 -> 70.344828 | D38: шт. | E38: =[7]Источник!$F$491 -> 445 | F38: =C38*E38 -> 31303.448 | G38: =C38*H38 -> 65.42069 | H38: =L67 -> 0.93 | I38: ТПП 150х1 | J38: =[1]Основные!$F$227 -> 262.5 | K38: 1.727
B39: Уголок 85x85 наружный (2м) | C39: =4*C10/1.9 -> 12.631579 | D39: шт. | E39: =[7]Источник!$F$500 -> 339,5 | F39: =C39*E39 -> 4288.4211 | G39: =C39*H39 -> 29.052632 | H39: =L69 -> 2.3 | I39: ТПП 150х1,5 | J39: =[1]Основные!$F$229 -> 476.7 | K39: 2.559 | L39: ТПП 150х1,2 | M39: =[1]Основные!$F$228 -> 362.25 | N39: 2.02
A40: =IF(I3=2,"нар.окр","нар. оц") -> нар.окр | B40: =L45 -> МП 20 0,5мм | C40: =(C8*2+C9*2)*C10*1.1+C8*2*1.1+C9*2*1.1 -> 1108.8 | D40: п.м. | E40: =N45 -> 590.4445 | F40: =C40*E40 -> 654684.86 | G40: =C40*H40 -> 5876.64 | H40: =O45 -> 5.3 | I40: ТПП 200х1 | J40: =[1]Основные!$F$239 -> 318.15 | K40: 2.118
B41: =L51 -> КФ | C41: =IF(I3=J10,2*(C8+C9)*C10*1.2+C9*2.5*1.2,0) -> 0 | D41: м2 | E41: =M51 -> 1868 | H41: =O50 -> 5 | I41: ТПС 145х1,5 | J41: =[1]Основные!$F$253 -> 521.85 | K41: 2.8
A42: =IF(I4=2,"вн.ок","вн.оц") -> вн.ок | B42: =L45 -> МП 20 0,5мм | C42: =C40 -> 1108.8 | D42: м2 | E42: =M45 -> 787.75 | H42: =O45 -> 5.3 | I42: ТПС 195х1,5 | J42: =[1]Основные!$F$273 -> 618.45 | K42: 3.09 | L42: элемент | M42: руб/м.кв(окр) | N42: руб/м.кв(оц) | O42: вес кг/м.кв.
B43: Накладные расходы: | C43: 0.05 | F43: =SUM(F34:F42)*C43 -> 67578.253 | I43: ПШ 61х1 | J43: =[1]Основные!$F$352 -> 223 | K43: 1.63 | L43: С-13 0,5мм | M43: =[1]Основные!$D$29 -> #N/A | N43: =[1]Основные!$D$31 -> #N/A | O43: 4.6
B44: Итого стены | F44: =SUM(F34:F43) -> 1419143.3 | G44: =SUM(G34:G43) -> 9709.3533 | I44: ПШ 28х0,7 | J44: =[1]Основные!$F$350 -> #N/A | K44: 0.78
A45: 3 | B45: Перегородки | I45: ПШ 40х1 | J45: =[1]Основные!$F$355 -> 190 | K45: 1.4 | L45: МП 20 0,5мм | M45: =[1]Основные!$F$74 -> 787.75 | N45: =[1]Основные!$F$75 -> 590.4445 | O45: 5.3
B46: ТПП 110х1 | C46: =IF(E17>0,D154+D155,0) -> 0 | D46: п.м. | E46: =J37 -> 218.4 | F46: =C46*E46 -> 0 | G46: =C46*H46 -> 0 | H46: =K37 -> 1.406
A47: окр | B47: =L45 -> МП 20 0,5мм | C47: =IF(E17>0,E17*2*1.1,0) -> 0 | D47: м2 | E47: =M45 -> 787.75 | F47: =C47*E47 -> 0 | G47: =C47*H47 -> 0 | H47: =O45 -> 5.3 | L47: С-8 0,5 мм | M47: =[1]Основные!$F$26 -> 1 | N47: =[1]Основные!$F$23 -> 555 | O47: 4.6
B48: Накладные расходы: | C48: 0.05 | F48: =SUM(F46:F47)*C48 -> 0
B49: Итого | F49: =SUM(F46:F48) -> 0 | G49: =SUM(G46:G48) -> 0 | L49: Сайдинг | M49: =[1]Основные!$F$86 -> 1035
A50: 3 | B50: Водосток | E50: ф 150мм | I50: ф100 | L50: ПФ | M50: =[1]Основные!$F$16 -> 1255 | O50: 5
B51: Труба | C51: =C56*C10 -> 48 | D51: п.м. | E51: =[1]Основные!$F$142 -> 840 | F51: =E51*C51 -> 40320 | G51: =H51*C51 -> 72 | H51: 1.5 | I51: =[1]Основные!$F$130 -> 585 | L51: КФ | M51: =[1]Основные!$F$11 -> 1868
B52: Желоб | C52: =2*C9 -> 120 | D52: п.м. | E52: =[1]Основные!$F$141 -> 635 | F52: =E52*C52 -> 76200 | G52: =H52*C52 -> 180 | H52: 1.5 | I52: =[1]Основные!$F$129 -> 466 | L52: С-44 0,5мм | M52: =[1]Основные!$F$80 -> 868.25 | N52: =[1]Основные!$F$81 -> 648.531 | O52: 5.3
B53: Держатель трубы | C53: =C51/2 -> 24 | D53: шт. | E53: =[1]Основные!$F$144 -> 413 | F53: =E53*C53 -> 9912 | G53: =H53*C53 -> 12 | H53: 0.5 | I53: =[1]Основные!$F$132 -> 351
B54: Держатель желоба | C54: =C52/0.7 -> 171.42857 | D54: шт. | E54: =[1]Основные!$F$144 -> 413 | F54: =E54*C54 -> 70800 | G54: =H54*C54 -> 85.714286 | H54: 0.5 | I54: =[1]Основные!$F$132 -> 351 | L54: С-44 0,7мм | M54: =[1]Основные!$F$83 -> 1265 | N54: =[1]Основные!$F$84 -> 924.6115 | O54: 7.4
B55: Заглушка желоба | C55: =4 -> 4 | D55: шт. | E55: =[1]Основные!$F$145 -> 146 | F55: =E55*C55 -> 584 | G55: =H55*C55 -> 2 | H55: 0.5 | I55: =[1]Основные!$F$134 -> 129
B56: Колено сливное | C56: =CEILING(C8*C9/100,2) -> 8 | D56: шт. | E56: =[1]Основные!$F$143 -> 495 | F56: =E56*C56 -> 3960 | G56: =H56*C56 -> 4 | H56: 0.5 | I56: =[1]Основные!$F$131 -> 463 | L56: Н-60 0,7 | M56: =[7]Источник!$G$56 -> 0 | N56: =[7]Источник!$G$52 -> 0 | O56: 8.8
B57: Колено угловое | C57: =2*C56 -> 16 | D57: шт. | E57: =[1]Основные!$F$143 -> 495 | F57: =E57*C57 -> 7920 | G57: =H57*C57 -> 8 | H57: 0.5 | I57: =[1]Основные!$F$131 -> 463
B58: Соединитель желоба | C58: =C52/5 -> 24 | D58: шт. | E58: =[1]Основные!$F$148 -> 309 | F58: =E58*C58 -> 7416 | G58: =H58*C58 -> 12 | H58: 0.5 | I58: =[1]Основные!$F$133 -> 64 | L58: Н-35 0,7 | M58: =[7]Источник!$G$69 -> 0 | O58: 7.4
B59: Патрубок | C59: =C56 -> 8 | D59: шт. | E59: =[1]Основные!$F$146 -> 408 | F59: =E59*C59 -> 3264 | G59: =H59*C59 -> 4 | H59: 0.5 | I59: =[1]Основные!$F$135 -> 352
B60: Накладные расходы: | C60: 0.05 | F60: =SUM(F51:F59)*C60 -> 11018.8
B61: ИТОГО водосток | F61: =SUM(F51:F60) -> 231394.8 | G61: =SUM(G51:G60) -> 379.71429
A62: 3 | B62: Кровля
I64: элемент | J64: ок р/шт | K64: оц р/шт | L64: вес кг/п.м
B65: Фронтон (2м) | C65: =CEILING(2*C8/1.8,1) -> 14 | D65: шт. | E65: =K66 -> 747.5 | F65: =C65*E65 -> 10465 | G65: =C65*H65 -> 14.42 | H65: =L66 -> 1.03 | I65: Конек
A66: =IF(I4=2,"вн.ок","вн.оц") -> вн.ок | B66: МП 20 0,5 | C66: =C8*C9*1.1 -> 792 | D66: м2 | E66: =M45 -> 787.75 | H66: =O45 -> 5.3 | I66: Фронон | J66: =[1]Основные!$F$113 -> 920 | K66: =[1]Основные!$F$114 -> 747.5 | L66: 1.03
A67: =IF(I3=2,"нар.ок","нар.оц") -> нар.ок | B67: =L54 -> С-44 0,7мм | C67: =(C8+0.6)*(C9+1)*1.1 -> 845.46 | D67: м2 | E67: =N54 -> 924.6115 | F67: =C67*E67 -> 781722.04 | G67: =C67*H67 -> 6256.404 | H67: =O54 -> 7.4 | I67: Уголок 50х50 вн | J67: =[1]Основные!$F$100 -> 736 | K67: =[1]Основные!$F$102 -> #N/A | L67: 0.93
B68: Снегозадержатель | C68: =IF(I13=1,0,C9/1.4) -> 0 | D68: шт. | E68: =[1]Основные!$F$152 -> 2071 | F68: =C68*E68 -> 0 | G68: =C68*H68 -> 0 | H68: 4 | I68: Уголок 50х50 нар | J68: =[1]Основные!$F$100 -> 736 | L68: 0.93
I69: Уголок 85х85 вн | J69: =[1]Основные!$D$106 -> 339.5 | K69: =[1]Основные!$F$107 -> 747.5 | L69: 2.3
B70: Накладные расходы: | C70: 0.05 | F70: =SUM(F63:F69)*C70 -> 39609.352 | I70: Уголок 85х85 нар | J70: =[1]Основные!$F$103 -> 920 | K70: =[1]Основные!$F$104 -> 747.5 | L70: 2.3
B71: Итого кровля | F71: =SUM(F63:F70) -> 831796.39 | G71: =SUM(G63:G70) -> 6270.824
C72: Итого материалы: | F72: =F32+F44+F71+F49+F61 -> 4439371.6 | G72: =G32+G44+G71+G49+G61 -> 26970.317
A73: ДОПОЛНИТЕЛЬНЫЕ МАТЕРИАЛЫ
A74: 1 | B74: Каркас | I74: тр кв | J74: п.в,т/п.м
B75: Саморез 5,5x25 | C75: =K80*530 -> 5830 | D75: шт. | E75: =[1]Основные!$F$430 -> 1.6215 | F75: =C75*E75 -> 9453.345 | G75: =C75*H75 -> 25.069 | H75: 0.0043 | I75: 80*4 | J75: =9.6/1000 -> 0.0096 | K75: стойки перег | L75: 0
B76: Дюбель гвоздь 6х60 | C76: =(C9+C8)*2/0.5+1 -> 289 | D76: шт. | E76: =[1]Основные!$F$427 -> 4.1285 | F76: =C76*E76 -> 1193.1365 | G76: =H76*C76 -> 1.3872 | H76: 0.0048 | I76: 120*4 | J76: =14.57/1000 -> 0.01457 | K76: Средний вес фасонки | M76: Вес фасонок на раму
B77: Болт М12х40 | C77: =17*K80 -> 187 | D77: шт. | E77: =[1]Перекупные!$F$54 -> 12.88 | F77: =C77*E77 -> 2408.56 | G77: =H77*C77 -> 9.35 | H77: 0.05 | I77: 160*4 | J77: =0.02433 -> 0.02433 | K77: =0.06 -> 0.06 | L77: т | M77: =298 -> 298 | N77: кг
B78: Гайка М12 | C78: =C77 -> 187 | D78: шт. | E78: =[1]Перекупные!$F$55 -> 4.255 | F78: =C78*E78 -> 795.685 | G78: =H78*C78 -> 2.992 | H78: 0.016 | M78: М16х50(на раму) | O78: =IF(K85=0,(344+20+(C9/C11+1)*4*N85),(344+20+(C9/C11+1)*4*K85)) -> 452
B79: Шайба 12 | C79: =C77 -> 187 | D79: шт. | E79: =[1]Перекупные!$F$56 -> 1.035 | F79: =C79*E79 -> 193.545 | G79: =H79*C79 -> 0.935 | H79: 0.005 | I79: уголки | K79: количество рам | M79: длина | N79: высота | O79: шаг
F80: =C80*E80 -> 0 | G80: =H80*C80 -> 0 | H80: 0.19 | I80: 63*5 | J80: =4.81/1000 -> 0.00481 | K80: =I17 -> 11 | L80: шт | M80: =C9 -> 60 | N80: =C10 -> 6 | O80: =C11 -> 6
F81: =C81*E81 -> 0 | G81: =H81*C81 -> 0 | H81: 0.071 | I81: 75*5 | J81: =5.8/1000 -> 0.0058
I82: 80*6 | J82: =7.4/1000 -> 0.0074 | K82: гор.св/м | L82: =SQRT(6*6+O80*O80) -> 8.4852814
B83: Болт М16х50 | C83: =O78*K80 -> 4972 | D83: шт. | E83: =[1]Перекупные!$F$62 -> 30.015 | F83: =C83*E83 -> 149234.58 | G83: =H83*C83 -> 596.64 | H83: 0.12 | I83: 90*6 | J83: =8.4/1000 -> 0.0084 | K83: дл верт св | L83: =SQRT(N80*N80+O80*O80) -> 8.4852814
B84: Гайка М16 | C84: =C83 -> 4972 | D84: шт. | E84: =[1]Перекупные!$F$63 -> 10.6375 | F84: =C84*E84 -> 52889.65 | G84: =H84*C84 -> 183.964 | H84: 0.037 | I84: 100*7 | J84: =10.79/1000 -> 0.01079 | K84: Количество распорок из трубы | N84: РАСПОРКИ ПГС
B85: Шайба 16 пруж | C85: =C83 -> 4972 | D85: шт. | E85: =[1]Перекупные!$F$64 -> 2.99 | F85: =C85*E85 -> 14866.28 | G85: =H85*C85 -> 54.692 | H85: 0.011 | I85: 110*7 | J85: =11.89/1000 -> 0.01189 | K85: 2 | L85: шт | N85: 2
B86: Конструкции из труб | C86: =(2*(C10+0.5)*J77*0+0.3*L143+J75*K85*C9+J75*M138*1.2*0+(2*2)*L83*J75)*1.05 -> 1.5517265 | D86: т | E86: =I88 -> 179400 | F86: =C86*E86 -> 278379.74 | G86: =H86*C86 -> 1551.7265 | H86: 1000 | I86: 125*8 | J86: =15.5/1000 -> 0.0155
A87: =C86+C87+C89+C88 -> 5.2142625 | B87: Уголок | C87: =((1*2*2)*L82*J84+(2*2)*L83*J82*0)*1.05 -> 0.38453598 | D87: т | E87: =I89 -> 183430 | F87: =C87*E87 -> 70535.435 | G87: =H87*C87 -> 384.53598 | H87: 1000 | I87: 140*9 | J87: =19.41/1000 -> 0.01941
H88: 1000 | I88: =[1]Перекупные!$F$12 -> 179400 | K88: =[1]Перекупные!$F$6 -> 167900
B89: Лист (фасонки) | C89: =K80*M77/1000 -> 3.278 | D89: т | E89: =I90 -> 173650 | F89: =C89*E89 -> 569224.7 | G89: =H89*C89 -> 3278 | H89: 1000 | I89: =[1]Перекупные!$F$13 -> 183430 | J89: Л.Ме/Ст3 | K89: =[1]Перекупные!$F$7 -> 172500
B90: Накладные расходы: | C90: 0.05 | F90: =SUM(F75:F89)*C90 -> 57458.733 | I90: =[1]Перекупные!$F$10 -> 173650 | K90: =[1]Перекупные!$F$4 -> 164890
B91: Итого каркас | F91: =SUM(F75:F90) -> 1206633.4 | G91: =SUM(G75:G90) -> 6089.2917 | I91: =A87/I128 -> 0.0072420313
A92: 2 | B92: Стена
B93: =I94 -> Саморез 4,8x20 | C93: =8*(C40) -> 8870.4 | D93: шт. | E93: =J94 -> 2.346 | F93: =C93*E93 -> 20809.958 | G93: =C93*H93 -> 23.06304 | H93: =0.0026 -> 0.0026 | J93: ок | K93: оц
B94: Штрипс (защита рам) | C94: =IF(G9=4,K80*(12.5+2*C10)*0.2,0) -> 0 | D94: м2 | E94: =[1]Основные!$F$38 -> 1786.4 | F94: =C94*E94 -> 0 | G94: =C94*H94 -> 0 | H94: 14 | I94: Саморез 4,8x20 | J94: =[1]Основные!$F$425 -> 2.346 | K94: =[1]Основные!$F$426 -> 1.8975
B95: С/П 150 | C95: =(2*(C8+C9)*C10+C8*2)*1.03+1.5*C9*1.03 -> 1007.34 | D95: м2 | E95: 2278 | H95: =14+0.15*96 -> 28.4 | J95: 5 | K95: 4и3 | L95: 2
B96: =K123 -> с\з 5,5х240 | C96: =8*C95 -> 8058.72 | D96: шт. | E96: =L123 -> 145.7 | H96: 0.005
B97: Шнур упл | C97: =C95/I104*7*2 -> 2350.46 | D97: м.п | E97: =[1]Перекупные!$F$85 -> 63.25
B98: ГВЛ | C98: =(C8+C9)*2*C10 -> 864 | D98: м2 | E98: =J106 -> 280.6 | H98: 10 | I98: Утеплитель | J98: =[1]Основные!$F$158 -> 3450 | K98: =[1]Основные!$F$162 -> 4150 | L98: =[1]Основные!$F$160 -> 4650
B99: саморез 3,5х25 | C99: =20*C98 -> 17280 | D99: шт. | E99: =[1]Перекупные!$F$29 -> 0.92 | H99: 0.003 | J99: =[1]Основные!$F$161 -> 4140
B100: ПС 50х50 (под гвл) | C100: =C98/0.6+I128/0.6 -> 2640 | D100: п.м. | E100: =[1]Перекупные!$F$79 -> 241.5 | H100: 0.7
B101: =I98 -> Утеплитель | C101: =((C8+C9)*2*C10+C8*2+C9*1.5)*E15/1000*1.05 -> 154.035 | D101: м3 | E101: =J99 -> 4140 | H101: 20
B102: ИзоспанВ | C102: =((C8+C9)*2*C10+C8*1.5+C9*1.5)*1.2 -> 1166.4 | D102: м2 | E102: =[1]Основные!$F$169 -> 42 | H102: 0.2
...
