Workbook

Sheet Лист1
A2: Город | B2: Новый уренгой
A3: Ур. отв | B3: 1
A5: Общие данные | H5: А | M5: Iа
A6: высота окна | B6: 1 | C6: м | H6: В | M6: I
A7: шаг рам | B7: 6 | C7: м | F7: вертикальная | G7: горизонтальная | H7: С | M7: II
A8: тип окна | B8: 1 | E8: к-т приведения момента | F8: =INDEX(J34:J38,MATCH(B8,I34:I38,0),1) -> 0.125 | G8: 0.125 | M8: III
A9: Высота здания | B9: 6 | C9: м | H9: новым | J9: по СП РК EN | M9: IV
A10: Пролет здания | B10: 18 | C10: м | H10: старым | J10: по СП 20.13330.20ХХ | M10: V
A11: Длина здания | B11: 42 | C11: м | M11: VI
H12: односкатная | J12: 1.1 | M12: VII
A13: Нагрузки | H13: двускатная | J13: 1 | M13: VIII | P13: 1ый стеклопакет | Q13: =1*25*1.2 -> 30
A14: тип местности | B14: А | J14: 0.8 | P14: 2ой стеклопакет | Q14: =1*35*1.2 -> 42
A15: ветровая нагрузка, кПа | B15: =IF(J19="да",IF(D15="по СП РК EN",INDEX('[1]СП РК EN'!$I$3:$I$1000,MATCH(B2,'[1]СП РК EN'!$B$3:$B$1000,0),1),INDEX('[1]СП РК EN'!$H$3:$H$1000,MATCH(B2,'[1]СП РК EN'!$B$3:$B$1000,0),1)),INDEX('[1]СП 20'!$G$3:$G$1000,MATCH(B2,'[1]СП 20'!$B$3:$B$1000,0),1)) -> 0.38 | C15: по | D15: по СП 20.13330.20ХХ | P15: 3ой стеклопакет | Q15: =1*45*1.2 -> 54
M16: нет
A17: конструкция окна | B17: 2ой стеклопакет | C17: нагрузка | D17: =INDEX(Q13:Q15,MATCH(B17,P13:P15,0),1)/100 -> 0.42 | E17: кПа | J17: чек на казахов)) | M17: 1
J18: =INDEX('[1]СП РК EN'!$C$3:$C$1000,MATCH(B2,'[1]СП РК EN'!$B$3:$B$1000,0),1) -> #N/A | K18: =IFERROR(J18,"нет") -> нет | M18: 2
I19: КЗ??? | J19: =IF(K18="нет","нет","да") -> нет | M19: 3
A20: Макс. к-т исп. | B20: 0.85
A22: Подобранное сечение нижнего ригеля для типов 1-5 и верхнего ригеля для типов 2-5
A23: № | B23: Сечение | C23: Сталь | D23: Вес одного ригеля, кг
A24: 1 | B24: =Расчет!B22 -> кв.120х3 | C24: =Расчет!B23 -> С245 | D24: =Расчет!B21 -> 66.0016
A25: 2 | B25: =Расчет!C22 -> кв.120х3 | C25: =Расчет!C23 -> С345 | D25: =Расчет!C21 -> 66.0148
A26: 3 | B26: =Расчет!D22 -> кв.120х4 | C26: =Расчет!D23 -> С245 | D26: =Расчет!D21 -> 87.0017
A27: 4 | B27: =Расчет!E22 -> пр.140х100х4 | C27: =Расчет!E23 -> С245 | D27: =Расчет!E21 -> 87.0078
A28: 5 | B28: =Расчет!F22 -> кв.120х4 | C28: =Расчет!F23 -> С345 | D28: =Расчет!F21 -> 87.0149
A29: 6 | B29: =Расчет!G22 -> пр.140х100х4 | C29: =Расчет!G23 -> С345 | D29: =Расчет!G21 -> 87.021
A30: 7 | B30: =Расчет!H22 -> пр.140х100х4 90° | C30: =Расчет!H23 -> С245 | D30: =Расчет!H21 -> 87.0283
A31: 8 | B31: =Расчет!I22 -> пр.140х100х4 90° | C31: =Расчет!I23 -> С345 | D31: =Расчет!I21 -> 87.0356
A32: 9 | B32: =Расчет!J22 -> кв.100х5 | C32: =Расчет!J23 -> С245 | D32: =Расчет!J21 -> 88.8013
A33: 10 | B33: =Расчет!K22 -> кв.100х5 | C33: =Расчет!K23 -> С345 | D33: =Расчет!K21 -> 88.8145 | J33: момент | K33: длина | L33: прогибы
I34: 1 | J34: 0.125 | K34: 1 | L34: 1
A35: Подобранное сечение верхнего ригеля для типа 1 | I35: 2 | J35: 0.055 | K35: =5/6 -> 0.83333333 | L35: 0.13
A36: № | B36: Сечение | C36: Сталь | D36: Вес одного ригеля, кг | I36: 3 | J36: 0.062 | K36: 0.33 | L36: 0.24
A37: 1 | B37: =Расчет!B27 -> кв.100х3 | C37: =Расчет!B28 -> С245 | D37: =Расчет!B26 -> 54.6011 | I37: 4 | J37: 0.078 | K37: 0.5 | L37: 0.5
A38: 2 | B38: =Расчет!C27 -> кв.100х3 | C38: =Расчет!C28 -> С345 | D38: =Расчет!C26 -> 54.6143 | I38: 5 | J38: 0.073 | K38: 0.75 | L38: 0.2
A39: 3 | B39: =Расчет!D27 -> пр.120х80х3 90° | C39: =Расчет!D28 -> С245 | D39: =Расчет!D26 -> 54.6274
A40: 4 | B40: =Расчет!E27 -> пр.120х80х3 90° | C40: =Расчет!E28 -> С345 | D40: =Расчет!E26 -> 54.6347
A41: 5 | B41: =Расчет!F27 -> кв.120х3 | C41: =Расчет!F28 -> С245 | D41: =Расчет!F26 -> 66.0016
A42: 6 | B42: =Расчет!G27 -> кв.120х3 | C42: =Расчет!G28 -> С345 | D42: =Расчет!G26 -> 66.0148
A43: 7 | B43: =Расчет!H27 -> кв.100х4 | C43: =Расчет!H28 -> С245 | D43: =Расчет!H26 -> 72.0012
A44: 8 | B44: =Расчет!I27 -> пр.120х80х4 | C44: =Расчет!I28 -> С245 | D44: =Расчет!I26 -> 72.007
A45: 9 | B45: =Расчет!J27 -> кв.100х4 | C45: =Расчет!J28 -> С345 | D45: =Расчет!J26 -> 72.0144
A46: 10 | B46: =Расчет!K27 -> пр.120х80х4 | C46: =Расчет!K28 -> С345 | D46: =Расчет!K26 -> 72.0202
A48: *подбор осуществляется по условиям ограничения предельной гибкости 200, предельного прогиба по вертикали 1/300 и по горизонтали 1/200 пролета и расчета на прочность на изгиб в двух направлениях, при этом считается, что максимальные моменты локализуются в одной и той же точке
A53: 90 градусов - профиль длинной стороной горизонтально

Sheet Расчет
N1: Выключатель | O1: № | P1: Сталь | Q1: Ry | S1: h | T1: b | U1: S | V1: t | W1: R | X1: А, см2 | Y1: вес, кг | Z1: Ix, см4 | AA1: Wx, см3 | AB1: Sx, см3 | AC1: ix, см | AD1: Iy, см4 | AE1: Wy, см3 | AF1: iy, см | AH1: К-т исп по гибкости | AK1: К-т исп по прочности низ | AN1: К-т исп по прочности верх | AQ1: К-т исп по прогибам низ | AT1: К-т исп по прогибам верх | AV1: Проходит? Нижний | AX1: Проходит? Верхний
AH2: 300 | AJ2: верт | AK2: =(D8*Лист1!B6+0.6*0.32*0.5)*Лист1!B7^2*Лист1!F8 -> 2.322 | AM2: верт | AN2: =(0.6*0.32*0.5)*Лист1!B7^2*Лист1!F8 -> 0.432 | AP2: верт | AQ2: =(D8*Лист1!B6+0.6*0.3*0.5) -> 0.51 | AS2: верт | AT2: =(0.6*0.3*0.5) -> 0.09 | AV2: 300 | AX2: 300
AJ3: гор | AK3: =(D9*(Лист1!B6+1.2)/2)*Лист1!B7^2*Лист1!G8 -> 4.3367761 | AM3: гор | AN3: =(D9*(Лист1!B6+1.2)/2)*Лист1!B7^2*Лист1!G8 -> 4.3367761 | AP3: гор | AQ3: =(D9*(Лист1!B6+1.2)/2) -> 0.96372802 | AS3: гор | AT3: =(F9*(Лист1!B6+1.2)/2) -> 0.57364763
O4: 1 | P4: С245 | Q4: 240 | R4: кв.50х2 | S4: 50 | T4: 50 | X4: 3.9 | Y4: 3 | Z4: 14.4 | AA4: 5.7 | AC4: 1.96 | AD4: 14.4 | AE4: 5.7 | AF4: 1.96 | AH4: =MAX($D$17*100/$AC4,$D$18*100/$AF4)/200 -> 1.5306122 | AK4: =(($AK$2+Y4*Лист1!$B$7^2*Лист1!$G$8/100)/(AA4/10^6)+$AK$3/(AE4/10^6))/1000/($Q4*IF(Лист1!$J$19="да",1/1.05,1)) -> 4.9662106 | AN4: =(($AK$2+Y4*Лист1!$B$7^2*Лист1!$G$8/100)/(AA4/10^6)+$AK$3/(AE4/10^6))/1000/($Q4*IF(Лист1!$J$19="да",1/1.05,1)) -> 4.9662106 | AQ4: =MAX((5/384*($AQ$2+$Y4/100)*$D$17^4/(2.06*10^8*$Z4/10^8))/($D$17/300)*INDEX(Лист1!$L$34:$L$38,MATCH(Лист1!$B$8,Лист1!$I$34:$I$38,0),1),(5/384*($AQ$3)*$D$17^4/(2.06*10^8*$AD4/10^8))/($D$17/200)) -> 18.274576 | AT4: =MAX((5/384*($AT$2+$Y4/100)*$D$17^4/(2.06*10^8*$Z4/10^8))/($D$17/300)*INDEX(Лист1!$L$34:$L$38,MATCH(Лист1!$B$8,Лист1!$I$34:$I$38,0),1),(5/384*($AT$3)*$D$17^4/(2.06*10^8*$AD4/10^8))/($D$17/200)) -> 10.877724 | AV4: =IF(OR(MAX(AH4,AQ4)>1,AK4>Лист1!$B$20,N4="-"),999999999,Y4*Лист1!$B$7+0.0001*O4) -> 999999999 | AX4: =IF(OR(MAX(AH4,AT4)>1,AN4>Лист1!$B$20,N4="-"),999999999,Y4*Лист1!$B$7+0.0001*O4) -> 999999999
N5: - | O5: 2 | P5: С245 | Q5: 240 | R5: кв.50х2,5 | S5: 50 | T5: 50 | X5: 4.7 | Y5: 3.6 | Z5: 17.2 | AA5: 6.8 | AC5: 1.93 | AD5: 17.2 | AE5: 6.8 | AF5: 1.93 | AH5: =MAX($D$18*100/$AC5,$D$17*100/$AF5)/200 -> 1.5544041 | AK5: =(($AK$2+Y5*Лист1!$B$7^2*Лист1!$G$8/100)/(AA5/10^6)+$AK$3/(AE5/10^6))/1000/($Q5*IF(Лист1!$J$19="да",1/1.05,1)) -> 4.1793971 | AN5: =(($AK$2+Y5*Лист1!$B$7^2*Лист1!$G$8/100)/(AA5/10^6)+$AK$3/(AE5/10^6))/1000/($Q5*IF(Лист1!$J$19="да",1/1.05,1)) -> 4.1793971 | AQ5: =MAX((5/384*($AQ$2+$Y5/100)*$D$17^4/(2.06*10^8*$Z5/10^8))/($D$17/300)*INDEX(Лист1!$L$34:$L$38,MATCH(Лист1!$B$8,Лист1!$I$34:$I$38,0),1),(5/384*($AQ$3)*$D$17^4/(2.06*10^8*$AD5/10^8))/($D$17/200)) -> 15.299645 | AT5: =MAX((5/384*($AT$2+$Y5/100)*$D$17^4/(2.06*10^8*$Z5/10^8))/($D$17/300)*INDEX(Лист1!$L$34:$L$38,MATCH(Лист1!$B$8,Лист1!$I$34:$I$38,0),1),(5/384*($AT$3)*$D$17^4/(2.06*10^8*$AD5/10^8))/($D$17/200)) -> 9.1069314 | AV5: =IF(OR(MAX(AH5,AQ5)>1,AK5>Лист1!$B$20,N5="-"),999999999,Y5*Лист1!$B$7+0.0001*O5) -> 999999999 | AX5: =IF(OR(MAX(AH5,AT5)>1,AN5>Лист1!$B$20,N5="-"),999999999,Y5*Лист1!$B$7+0.0001*O5) -> 999999999
O6: =O5+1 -> 3 | P6: С245 | Q6: 240 | R6: кв.50х3 | S6: 50 | T6: 50 | X6: 5.5 | Y6: 4.3 | Z6: 19.9 | AA6: 7.9 | AC6: 1.91 | AD6: 19.9 | AE6: 7.9 | AF6: 1.91 | AH6: =MAX($D$18*100/$AC6,$D$17*100/$AF6)/200 -> 1.5706806 | AK6: =(($AK$2+Y6*Лист1!$B$7^2*Лист1!$G$8/100)/(AA6/10^6)+$AK$3/(AE6/10^6))/1000/($Q6*IF(Лист1!$J$19="да",1/1.05,1)) -> 3.6140697 | AN6: =(($AK$2+Y6*Лист1!$B$7^2*Лист1!$G$8/100)/(AA6/10^6)+$AK$3/(AE6/10^6))/1000/($Q6*IF(Лист1!$J$19="да",1/1.05,1)) -> 3.6140697 | AQ6: =MAX((5/384*($AQ$2+$Y6/100)*$D$17^4/(2.06*10^8*$Z6/10^8))/($D$17/300)*INDEX(Лист1!$L$34:$L$38,MATCH(Лист1!$B$8,Лист1!$I$34:$I$38,0),1),(5/384*($AQ$3)*$D$17^4/(2.06*10^8*$AD6/10^8))/($D$17/200)) -> 13.223814 | AT6: =MAX((5/384*($AT$2+$Y6/100)*$D$17^4/(2.06*10^8*$Z6/10^8))/($D$17/300)*INDEX(Лист1!$L$34:$L$38,MATCH(Лист1!$B$8,Лист1!$I$34:$I$38,0),1),(5/384*($AT$3)*$D$17^4/(2.06*10^8*$AD6/10^8))/($D$17/200)) -> 7.8713176 | AV6: =IF(OR(MAX(AH6,AQ6)>1,AK6>Лист1!$B$20,N6="-"),999999999,Y6*Лист1!$B$7+0.0001*O6) -> 999999999 | AX6: =IF(OR(MAX(AH6,AT6)>1,AN6>Лист1!$B$20,N6="-"),999999999,Y6*Лист1!$B$7+0.0001*O6) -> 999999999
A7: Вертикальные нагрузки | D7: I ПС | F7: II ПС | O7: =O6+1 -> 4 | P7: С245 | Q7: 240 | R7: кв.50х4 | S7: 50 | T7: 50 | X7: 7.1 | Y7: 5.5 | Z7: 24.5 | AA7: 9.8 | AC7: 1.86 | AD7: 24.5 | AE7: 9.8 | AF7: 1.86 | AH7: =MAX($D$18*100/$AC7,$D$17*100/$AF7)/200 -> 1.6129032 | AK7: =(($AK$2+Y7*Лист1!$B$7^2*Лист1!$G$8/100)/(AA7/10^6)+$AK$3/(AE7/10^6))/1000/($Q7*IF(Лист1!$J$19="да",1/1.05,1)) -> 2.9363419 | AN7: =(($AK$2+Y7*Лист1!$B$7^2*Лист1!$G$8/100)/(AA7/10^6)+$AK$3/(AE7/10^6))/1000/($Q7*IF(Лист1!$J$19="да",1/1.05,1)) -> 2.9363419 | AQ7: =MAX((5/384*($AQ$2+$Y7/100)*$D$17^4/(2.06*10^8*$Z7/10^8))/($D$17/300)*INDEX(Лист1!$L$34:$L$38,MATCH(Лист1!$B$8,Лист1!$I$34:$I$38,0),1),(5/384*($AQ$3)*$D$17^4/(2.06*10^8*$AD7/10^8))/($D$17/200)) -> 10.740975 | AT7: =MAX((5/384*($AT$2+$Y7/100)*$D$17^4/(2.06*10^8*$Z7/10^8))/($D$17/300)*INDEX(Лист1!$L$34:$L$38,MATCH(Лист1!$B$8,Лист1!$I$34:$I$38,0),1),(5/384*($AT$3)*$D$17^4/(2.06*10^8*$AD7/10^8))/($D$17/200)) -> 6.3934375 | AV7: =IF(OR(MAX(AH7,AQ7)>1,AK7>Лист1!$B$20,N7="-"),999999999,Y7*Лист1!$B$7+0.0001*O7) -> 999999999 | AX7: =IF(OR(MAX(AH7,AT7)>1,AN7>Лист1!$B$20,N7="-"),999999999,Y7*Лист1!$B$7+0.0001*O7) -> 999999999
A8: Расчетная вертикальная нагрузка | D8: =Лист1!D17 -> 0.42 | E8: кПа | F8: =D8/1.2 -> 0.35 | M8: кПа | O8: =O7+1 -> 5 | P8: С245 | Q8: 240 | R8: кв.50х5 | S8: 50 | T8: 50 | X8: 8.6 | Y8: 6.7 | Z8: 28.3 | AA8: 11.3 | AC8: 1.81 | AD8: 28.3 | AE8: 11.3 | AF8: 1.81 | AH8: =MAX($D$18*100/$AC8,$D$17*100/$AF8)/200 -> 1.6574586 | AK8: =(($AK$2+Y8*Лист1!$B$7^2*Лист1!$G$8/100)/(AA8/10^6)+$AK$3/(AE8/10^6))/1000/($Q8*IF(Лист1!$J$19="да",1/1.05,1)) -> 2.5664735 | AN8: =(($AK$2+Y8*Лист1!$B$7^2*Лист1!$G$8/100)/(AA8/10^6)+$AK$3/(AE8/10^6))/1000/($Q8*IF(Лист1!$J$19="да",1/1.05,1)) -> 2.5664735 | AQ8: =MAX((5/384*($AQ$2+$Y8/100)*$D$17^4/(2.06*10^8*$Z8/10^8))/($D$17/300)*INDEX(Лист1!$L$34:$L$38,MATCH(Лист1!$B$8,Лист1!$I$34:$I$38,0),1),(5/384*($AQ$3)*$D$17^4/(2.06*10^8*$AD8/10^8))/($D$17/200)) -> 9.298724 | AT8: =MAX((5/384*($AT$2+$Y8/100)*$D$17^4/(2.06*10^8*$Z8/10^8))/($D$17/300)*INDEX(Лист1!$L$34:$L$38,MATCH(Лист1!$B$8,Лист1!$I$34:$I$38,0),1),(5/384*($AT$3)*$D$17^4/(2.06*10^8*$AD8/10^8))/($D$17/200)) -> 5.5349548 | AV8: =IF(OR(MAX(AH8,AQ8)>1,AK8>Лист1!$B$20,N8="-"),999999999,Y8*Лист1!$B$7+0.0001*O8) -> 999999999 | AX8: =IF(OR(MAX(AH8,AT8)>1,AN8>Лист1!$B$20,N8="-"),999999999,Y8*Лист1!$B$7+0.0001*O8) -> 999999999
A9: Расчетная горизонтальная нагрузка | D9: =IF(Лист1!J20="да",-'Ветер по СП РК EN'!D28+'Ветер по СП РК EN'!C45,'Ветер СП'!G25+'Ветер СП'!G35)*Лист1!B3 -> 0.87611638 | E9: кПа | F9: =IF(Лист1!J20="да",-'Ветер по СП РК EN'!D29/1.5+'Ветер по СП РК EN'!C45/1.5,'Ветер СП'!G26/1.4+'Ветер СП'!G35/1.4)*Лист1!B3 -> 0.52149785 | M9: кПа | N9: - | O9: =O8+1 -> 6 | P9: С245 | Q9: 240 | R9: кв.80х2,5 | S9: 80 | T9: 80 | X9: 7.7 | Y9: 6 | Z9: 74.6 | AA9: 18.7 | AC9: 3.12 | AD9: 74.6 | AE9: 18.7 | AF9: 3.12 | AH9: =MAX($D$18*100/$AC9,$D$17*100/$AF9)/200 -> 0.96153846 | AK9: =(($AK$2+Y9*Лист1!$B$7^2*Лист1!$G$8/100)/(AA9/10^6)+$AK$3/(AE9/10^6))/1000/($Q9*IF(Лист1!$J$19="да",1/1.05,1)) -> 1.5438449 | AN9: =(($AK$2+Y9*Лист1!$B$7^2*Лист1!$G$8/100)/(AA9/10^6)+$AK$3/(AE9/10^6))/1000/($Q9*IF(Лист1!$J$19="да",1/1.05,1)) -> 1.5438449 | AQ9: =MAX((5/384*($AQ$2+$Y9/100)*$D$17^4/(2.06*10^8*$Z9/10^8))/($D$17/300)*INDEX(Лист1!$L$34:$L$38,MATCH(Лист1!$B$8,Лист1!$I$34:$I$38,0),1),(5/384*($AQ$3)*$D$17^4/(2.06*10^8*$AD9/10^8))/($D$17/200)) -> 3.527532 | AT9: =MAX((5/384*($AT$2+$Y9/100)*$D$17^4/(2.06*10^8*$Z9/10^8))/($D$17/300)*INDEX(Лист1!$L$34:$L$38,MATCH(Лист1!$B$8,Лист1!$I$34:$I$38,0),1),(5/384*($AT$3)*$D$17^4/(2.06*10^8*$AD9/10^8))/($D$17/200)) -> 2.0997214 | AV9: =IF(OR(MAX(AH9,AQ9)>1,AK9>Лист1!$B$20,N9="-"),999999999,Y9*Лист1!$B$7+0.0001*O9) -> 999999999 | AX9: =IF(OR(MAX(AH9,AT9)>1,AN9>Лист1!$B$20,N9="-"),999999999,Y9*Лист1!$B$7+0.0001*O9) -> 999999999
O10: =O9+1 -> 7 | P10: С245 | Q10: 240 | R10: кв.80х3 | S10: 80 | T10: 80 | X10: 9.2 | Y10: 7.2 | Z10: 89.5 | AA10: 22.4 | AC10: 3.12 | AD10: 89.5 | AE10: 22.4 | AF10: 3.12 | AH10: =MAX($D$18*100/$AC10,$D$17*100/$AF10)/200 -> 0.96153846 | AK10: =(($AK$2+Y10*Лист1!$B$7^2*Лист1!$G$8/100)/(AA10/10^6)+$AK$3/(AE10/10^6))/1000/($Q10*IF(Лист1!$J$19="да",1/1.05,1)) -> 1.2988795 | AN10: =(($AK$2+Y10*Лист1!$B$7^2*Лист1!$G$8/100)/(AA10/10^6)+$AK$3/(AE10/10^6))/1000/($Q10*IF(Лист1!$J$19="да",1/1.05,1)) -> 1.2988795 | AQ10: =MAX((5/384*($AQ$2+$Y10/100)*$D$17^4/(2.06*10^8*$Z10/10^8))/($D$17/300)*INDEX(Лист1!$L$34:$L$38,MATCH(Лист1!$B$8,Лист1!$I$34:$I$38,0),1),(5/384*($AQ$3)*$D$17^4/(2.06*10^8*$AD10/10^8))/($D$17/200)) -> 2.9402669 | AT10: =MAX((5/384*($AT$2+$Y10/100)*$D$17^4/(2.06*10^8*$Z10/10^8))/($D$17/300)*INDEX(Лист1!$L$34:$L$38,MATCH(Лист1!$B$8,Лист1!$I$34:$I$38,0),1),(5/384*($AT$3)*$D$17^4/(2.06*10^8*$AD10/10^8))/($D$17/200)) -> 1.7501589 | AV10: =IF(OR(MAX(AH10,AQ10)>1,AK10>Лист1!$B$20,N10="-"),999999999,Y10*Лист1!$B$7+0.0001*O10) -> 999999999 | AX10: =IF(OR(MAX(AH10,AT10)>1,AN10>Лист1!$B$20,N10="-"),999999999,Y10*Лист1!$B$7+0.0001*O10) -> 999999999
O11: =O10+1 -> 8 | P11: С245 | Q11: 240 | R11: кв.80х4 | S11: 80 | T11: 80 | X11: 12.2 | Y11: 9.6 | Z11: 115.3 | AA11: 28.8 | AC11: 3.07 | AD11: 115.3 | AE11: 28.8 | AF11: 3.07 | AH11: =MAX($D$18*100/$AC11,$D$17*100/$AF11)/200 -> 0.9771987 | AK11: =(($AK$2+Y11*Лист1!$B$7^2*Лист1!$G$8/100)/(AA11/10^6)+$AK$3/(AE11/10^6))/1000/($Q11*IF(Лист1!$J$19="да",1/1.05,1)) -> 1.0258646 | AN11: =(($AK$2+Y11*Лист1!$B$7^2*Лист1!$G$8/100)/(AA11/10^6)+$AK$3/(AE11/10^6))/1000/($Q11*IF(Лист1!$J$19="да",1/1.05,1)) -> 1.0258646 | AQ11: =MAX((5/384*($AQ$2+$Y11/100)*$D$17^4/(2.06*10^8*$Z11/10^8))/($D$17/300)*INDEX(Лист1!$L$34:$L$38,MATCH(Лист1!$B$8,Лист1!$I$34:$I$38,0),1),(5/384*($AQ$3)*$D$17^4/(2.06*10^8*$AD11/10^8))/($D$17/200)) -> 2.2823408 | AT11: =MAX((5/384*($AT$2+$Y11/100)*$D$17^4/(2.06*10^8*$Z11/10^8))/($D$17/300)*INDEX(Лист1!$L$34:$L$38,MATCH(Лист1!$B$8,Лист1!$I$34:$I$38,0),1),(5/384*($AT$3)*$D$17^4/(2.06*10^8*$AD11/10^8))/($D$17/200)) -> 1.3585362 | AV11: =IF(OR(MAX(AH11,AQ11)>1,AK11>Лист1!$B$20,N11="-"),999999999,Y11*Лист1!$B$7+0.0001*O11) -> 999999999 | AX11: =IF(OR(MAX(AH11,AT11)>1,AN11>Лист1!$B$20,N11="-"),999999999,Y11*Лист1!$B$7+0.0001*O11) -> 999999999
O12: =O11+1 -> 9 | P12: С245 | Q12: 240 | R12: кв.80х5 | S12: 80 | T12: 80 | X12: 15 | Y12: 11.8 | Z12: 138 | AA12: 34.5 | AC12: 3.03 | AD12: 138 | AE12: 34.5 | AF12: 3.03 | AH12: =MAX($D$18*100/$AC12,$D$17*100/$AF12)/200 -> 0.99009901 | AK12: =(($AK$2+Y12*Лист1!$B$7^2*Лист1!$G$8/100)/(AA12/10^6)+$AK$3/(AE12/10^6))/1000/($Q12*IF(Лист1!$J$19="да",1/1.05,1)) -> 0.86833045 | AN12: =(($AK$2+Y12*Лист1!$B$7^2*Лист1!$G$8/100)/(AA12/10^6)+$AK$3/(AE12/10^6))/1000/($Q12*IF(Лист1!$J$19="да",1/1.05,1)) -> 0.86833045 | AQ12: =MAX((5/384*($AQ$2+$Y12/100)*$D$17^4/(2.06*10^8*$Z12/10^8))/($D$17/300)*INDEX(Лист1!$L$34:$L$38,MATCH(Лист1!$B$8,Лист1!$I$34:$I$38,0),1),(5/384*($AQ$3)*$D$17^4/(2.06*10^8*$AD12/10^8))/($D$17/200)) -> 1.9069122 | AT12: =MAX((5/384*($AT$2+$Y12/100)*$D$17^4/(2.06*10^8*$Z12/10^8))/($D$17/300)*INDEX(Лист1!$L$34:$L$38,MATCH(Лист1!$B$8,Лист1!$I$34:$I$38,0),1),(5/384*($AT$3)*$D$17^4/(2.06*10^8*$AD12/10^8))/($D$17/200)) -> 1.1350668 | AV12: =IF(OR(MAX(AH12,AQ12)>1,AK12>Лист1!$B$20,N12="-"),999999999,Y12*Лист1!$B$7+0.0001*O12) -> 999999999 | AX12: =IF(OR(MAX(AH12,AT12)>1,AN12>Лист1!$B$20,N12="-"),999999999,Y12*Лист1!$B$7+0.0001*O12) -> 999999999
O13: =O12+1 -> 10 | P13: С245 | Q13: 240 | R13: кв.80х6 | S13: 80 | T13: 80 | X13: 17.8 | Y13: 14 | Z13: 158.1 | AA13: 39.5 | AC13: 2.98 | AD13: 158.1 | AE13: 39.5 | AF13: 2.98 | AH13: =MAX($D$18*100/$AC13,$D$17*100/$AF13)/200 -> 1.0067114 | AK13: =(($AK$2+Y13*Лист1!$B$7^2*Лист1!$G$8/100)/(AA13/10^6)+$AK$3/(AE13/10^6))/1000/($Q13*IF(Лист1!$J$19="да",1/1.05,1)) -> 0.76885824 | AN13: =(($AK$2+Y13*Лист1!$B$7^2*Лист1!$G$8/100)/(AA13/10^6)+$AK$3/(AE13/10^6))/1000/($Q13*IF(Лист1!$J$19="да",1/1.05,1)) -> 0.76885824 | AQ13: =MAX((5/384*($AQ$2+$Y13/100)*$D$17^4/(2.06*10^8*$Z13/10^8))/($D$17/300)*INDEX(Лист1!$L$34:$L$38,MATCH(Лист1!$B$8,Лист1!$I$34:$I$38,0),1),(5/384*($AQ$3)*$D$17^4/(2.06*10^8*$AD13/10^8))/($D$17/200)) -> 1.6839456 | AT13: =MAX((5/384*($AT$2+$Y13/100)*$D$17^4/(2.06*10^8*$Z13/10^8))/($D$17/300)*INDEX(Лист1!$L$34:$L$38,MATCH(Лист1!$B$8,Лист1!$I$34:$I$38,0),1),(5/384*($AT$3)*$D$17^4/(2.06*10^8*$AD13/10^8))/($D$17/200)) -> 0.9907604 | AV13: =IF(OR(MAX(AH13,AQ13)>1,AK13>Лист1!$B$20,N13="-"),999999999,Y13*Лист1!$B$7+0.0001*O13) -> 999999999 | AX13: =IF(OR(MAX(AH13,AT13)>1,AN13>Лист1!$B$20,N13="-"),999999999,Y13*Лист1!$B$7+0.0001*O13) -> 999999999
O14: =O13+1 -> 11 | P14: С245 | Q14: 240 | R14: кв.100х3 | S14: 100 | T14: 100 | X14: 11.6 | Y14: 9.1 | Z14: 180.2 | AA14: 36 | AC14: 3.94 | AD14: 180.2 | AE14: 36 | AF14: 3.94 | AH14: =MAX($D$18*100/$AC14,$D$17*100/$AF14)/200 -> 0.76142132 | AK14: =(($AK$2+Y14*Лист1!$B$7^2*Лист1!$G$8/100)/(AA14/10^6)+$AK$3/(AE14/10^6))/1000/($Q14*IF(Лист1!$J$19="да",1/1.05,1)) -> 0.81808751 | AN14: =(($AK$2+Y14*Лист1!$B$7^2*Лист1!$G$8/100)/(AA14/10^6)+$AK$3/(AE14/10^6))/1000/($Q14*IF(Лист1!$J$19="да",1/1.05,1)) -> 0.81808751 | AQ14: =MAX((5/384*($AQ$2+$Y14/100)*$D$17^4/(2.06*10^8*$Z14/10^8))/($D$17/300)*INDEX(Лист1!$L$34:$L$38,MATCH(Лист1!$B$8,Лист1!$I$34:$I$38,0),1),(5/384*($AQ$3)*$D$17^4/(2.06*10^8*$AD14/10^8))/($D$17/200)) -> 1.4603434 | AT14: =MAX((5/384*($AT$2+$Y14/100)*$D$17^4/(2.06*10^8*$Z14/10^8))/($D$17/300)*INDEX(Лист1!$L$34:$L$38,MATCH(Лист1!$B$8,Лист1!$I$34:$I$38,0),1),(5/384*($AT$3)*$D$17^4/(2.06*10^8*$AD14/10^8))/($D$17/200)) -> 0.86925205 | AV14: =IF(OR(MAX(AH14,AQ14)>1,AK14>Лист1!$B$20,N14="-"),999999999,Y14*Лист1!$B$7+0.0001*O14) -> 999999999 | AX14: =IF(OR(MAX(AH14,AT14)>1,AN14>Лист1!$B$20,N14="-"),999999999,Y14*Лист1!$B$7+0.0001*O14) -> 54.6011
O15: =O14+1 -> 12 | P15: С245 | Q15: 240 | R15: кв.100х4 | S15: 100 | T15: 100 | X15: 15.3 | Y15: 12 | Z15: 231.3 | AA15: 46.3 | AC15: 3.89 | AD15: 231.3 | AE15: 46.3 | AF15: 3.89 | AH15: =MAX($D$18*100/$AC15,$D$17*100/$AF15)/200 -> 0.77120823 | AK15: =(($AK$2+Y15*Лист1!$B$7^2*Лист1!$G$8/100)/(AA15/10^6)+$AK$3/(AE15/10^6))/1000/($Q15*IF(Лист1!$J$19="да",1/1.05,1)) -> 0.64783802 | AN15: =(($AK$2+Y15*Лист1!$B$7^2*Лист1!$G$8/100)/(AA15/10^6)+$AK$3/(AE15/10^6))/1000/($Q15*IF(Лист1!$J$19="да",1/1.05,1)) -> 0.64783802 | AQ15: =MAX((5/384*($AQ$2+$Y15/100)*$D$17^4/(2.06*10^8*$Z15/10^8))/($D$17/300)*INDEX(Лист1!$L$34:$L$38,MATCH(Лист1!$B$8,Лист1!$I$34:$I$38,0),1),(5/384*($AQ$3)*$D$17^4/(2.06*10^8*$AD15/10^8))/($D$17/200)) -> 1.1377168 | AT15: =MAX((5/384*($AT$2+$Y15/100)*$D$17^4/(2.06*10^8*$Z15/10^8))/($D$17/300)*INDEX(Лист1!$L$34:$L$38,MATCH(Лист1!$B$8,Лист1!$I$34:$I$38,0),1),(5/384*($AT$3)*$D$17^4/(2.06*10^8*$AD15/10^8))/($D$17/200)) -> 0.67721236 | AV15: =IF(OR(MAX(AH15,AQ15)>1,AK15>Лист1!$B$20,N15="-"),999999999,Y15*Лист1!$B$7+0.0001*O15) -> 999999999 | AX15: =IF(OR(MAX(AH15,AT15)>1,AN15>Лист1!$B$20,N15="-"),999999999,Y15*Лист1!$B$7+0.0001*O15) -> 72.0012
O16: =O15+1 -> 13 | P16: С245 | Q16: 240 | R16: кв.100х5 | S16: 100 | T16: 100 | X16: 18.9 | Y16: 14.8 | Z16: 278.7 | AA16: 55.7 | AC16: 3.84 | AD16: 278.7 | AE16: 55.7 | AF16: 3.84 | AH16: =MAX($D$18*100/$AC16,$D$17*100/$AF16)/200 -> 0.78125 | AK16: =(($AK$2+Y16*Лист1!$B$7^2*Лист1!$G$8/100)/(AA16/10^6)+$AK$3/(AE16/10^6))/1000/($Q16*IF(Лист1!$J$19="да",1/1.05,1)) -> 0.54793358 | AN16: =(($AK$2+Y16*Лист1!$B$7^2*Лист1!$G$8/100)/(AA16/10^6)+$AK$3/(AE16/10^6))/1000/($Q16*IF(Лист1!$J$19="да",1/1.05,1)) -> 0.54793358 | AQ16: =MAX((5/384*($AQ$2+$Y16/100)*$D$17^4/(2.06*10^8*$Z16/10^8))/($D$17/300)*INDEX(Лист1!$L$34:$L$38,MATCH(Лист1!$B$8,Лист1!$I$34:$I$38,0),1),(5/384*($AQ$3)*$D$17^4/(2.06*10^8*$AD16/10^8))/($D$17/200)) -> 0.96702008 | AT16: =MAX((5/384*($AT$2+$Y16/100)*$D$17^4/(2.06*10^8*$Z16/10^8))/($D$17/300)*INDEX(Лист1!$L$34:$L$38,MATCH(Лист1!$B$8,Лист1!$I$34:$I$38,0),1),(5/384*($AT$3)*$D$17^4/(2.06*10^8*$AD16/10^8))/($D$17/200)) -> 0.56203523 | AV16: =IF(OR(MAX(AH16,AQ16)>1,AK16>Лист1!$B$20,N16="-"),999999999,Y16*Лист1!$B$7+0.0001*O16) -> 88.8013 | AX16: =IF(OR(MAX(AH16,AT16)>1,AN16>Лист1!$B$20,N16="-"),999999999,Y16*Лист1!$B$7+0.0001*O16) -> 88.8013
A17: расчетная длина | C17: из плоскости | D17: =Лист1!B7 -> 6 | E17: м | O17: =O16+1 -> 14 | P17: С245 | Q17: 240 | R17: кв.100х6 | S17: 100 | T17: 100 | X17: 22.6 | Y17: 17.7 | Z17: 326.3 | AA17: 65.3 | AC17: 3.8 | AD17: 326.3 | AE17: 65.3 | AF17: 3.8 | AH17: =MAX($D$18*100/$AC17,$D$17*100/$AF17)/200 -> 0.78947368 | AK17: =(($AK$2+Y17*Лист1!$B$7^2*Лист1!$G$8/100)/(AA17/10^6)+$AK$3/(AE17/10^6))/1000/($Q17*IF(Лист1!$J$19="да",1/1.05,1)) -> 0.47570674 | AN17: =(($AK$2+Y17*Лист1!$B$7^2*Лист1!$G$8/100)/(AA17/10^6)+$AK$3/(AE17/10^6))/1000/($Q17*IF(Лист1!$J$19="да",1/1.05,1)) -> 0.47570674 | AQ17: =MAX((5/384*($AQ$2+$Y17/100)*$D$17^4/(2.06*10^8*$Z17/10^8))/($D$17/300)*INDEX(Лист1!$L$34:$L$38,MATCH(Лист1!$B$8,Лист1!$I$34:$I$38,0),1),(5/384*($AQ$3)*$D$17^4/(2.06*10^8*$AD17/10^8))/($D$17/200)) -> 0.86235528 | AT17: =MAX((5/384*($AT$2+$Y17/100)*$D$17^4/(2.06*10^8*$Z17/10^8))/($D$17/300)*INDEX(Лист1!$L$34:$L$38,MATCH(Лист1!$B$8,Лист1!$I$34:$I$38,0),1),(5/384*($AT$3)*$D$17^4/(2.06*10^8*$AD17/10^8))/($D$17/200)) -> 0.48004664 | AV17: =IF(OR(MAX(AH17,AQ17)>1,AK17>Лист1!$B$20,N17="-"),999999999,Y17*Лист1!$B$7+0.0001*O17) -> 106.2014 | AX17: =IF(OR(MAX(AH17,AT17)>1,AN17>Лист1!$B$20,N17="-"),999999999,Y17*Лист1!$B$7+0.0001*O17) -> 106.2014
C18: в плоскости | D18: =Лист1!B7*INDEX(Лист1!K34:K38,MATCH(Лист1!B8,Лист1!I34:I38,0),1) -> 6 | E18: м | O18: =O17+1 -> 15 | P18: С245 | Q18: 240 | R18: кв.100х7 | S18: 100 | T18: 100 | X18: 26.2 | Y18: 20.5 | Z18: 373.9 | AA18: 74.8 | AC18: 3.75 | AD18: 373.9 | AE18: 74.8 | AF18: 3.75 | AH18: =MAX($D$18*100/$AC18,$D$17*100/$AF18)/200 -> 0.8 | AK18: =(($AK$2+Y18*Лист1!$B$7^2*Лист1!$G$8/100)/(AA18/10^6)+$AK$3/(AE18/10^6))/1000/($Q18*IF(Лист1!$J$19="да",1/1.05,1)) -> 0.42230816 | AN18: =(($AK$2+Y18*Лист1!$B$7^2*Лист1!$G$8/100)/(AA18/10^6)+$AK$3/(AE18/10^6))/1000/($Q18*IF(Лист1!$J$19="да",1/1.05,1)) -> 0.42230816 | AQ18: =MAX((5/384*($AQ$2+$Y18/100)*$D$17^4/(2.06*10^8*$Z18/10^8))/($D$17/300)*INDEX(Лист1!$L$34:$L$38,MATCH(Лист1!$B$8,Лист1!$I$34:$I$38,0),1),(5/384*($AQ$3)*$D$17^4/(2.06*10^8*$AD18/10^8))/($D$17/200)) -> 0.78324412 | AT18: =MAX((5/384*($AT$2+$Y18/100)*$D$17^4/(2.06*10^8*$Z18/10^8))/($D$17/300)*INDEX(Лист1!$L$34:$L$38,MATCH(Лист1!$B$8,Лист1!$I$34:$I$38,0),1),(5/384*($AT$3)*$D$17^4/(2.06*10^8*$AD18/10^8))/($D$17/200)) -> 0.41893346 | AV18: =IF(OR(MAX(AH18,AQ18)>1,AK18>Лист1!$B$20,N18="-"),999999999,Y18*Лист1!$B$7+0.0001*O18) -> 123.0015 | AX18: =IF(OR(MAX(AH18,AT18)>1,AN18>Лист1!$B$20,N18="-"),999999999,Y18*Лист1!$B$7+0.0001*O18) -> 123.0015
O19: =O18+1 -> 16 | P19: С245 | Q19: 240 | R19: кв.120х3 | S19: 120 | T19: 120 | X19: 14 | Y19: 11 | Z19: 315.1 | AA19: 52.5 | AC19: 4.76 | AD19: 315.1 | AE19: 52.5 | AF19: 4.76 | AH19: =MAX($D$18*100/$AC19,$D$17*100/$AF19)/200 -> 0.6302521 | AK19: =(($AK$2+Y19*Лист1!$B$7^2*Лист1!$G$8/100)/(AA19/10^6)+$AK$3/(AE19/10^6))/1000/($Q19*IF(Лист1!$J$19="да",1/1.05,1)) -> 0.56776001 | AN19: =(($AK$2+Y19*Лист1!$B$7^2*Лист1!$G$8/100)/(AA19/10^6)+$AK$3/(AE19/10^6))/1000/($Q19*IF(Лист1!$J$19="да",1/1.05,1)) -> 0.56776001 | AQ19: =MAX((5/384*($AQ$2+$Y19/100)*$D$17^4/(2.06*10^8*$Z19/10^8))/($D$17/300)*INDEX(Лист1!$L$34:$L$38,MATCH(Лист1!$B$8,Лист1!$I$34:$I$38,0),1),(5/384*($AQ$3)*$D$17^4/(2.06*10^8*$AD19/10^8))/($D$17/200)) -> 0.83514405 | AT19: =MAX((5/384*($AT$2+$Y19/100)*$D$17^4/(2.06*10^8*$Z19/10^8))/($D$17/300)*INDEX(Лист1!$L$34:$L$38,MATCH(Лист1!$B$8,Лист1!$I$34:$I$38,0),1),(5/384*($AT$3)*$D$17^4/(2.06*10^8*$AD19/10^8))/($D$17/200)) -> 0.49710955 | AV19: =IF(OR(MAX(AH19,AQ19)>1,AK19>Лист1!$B$20,N19="-"),999999999,Y19*Лист1!$B$7+0.0001*O19) -> 66.0016 | AX19: =IF(OR(MAX(AH19,AT19)>1,AN19>Лист1!$B$20,N19="-"),999999999,Y19*Лист1!$B$7+0.0001*O19) -> 66.0016
B20: 1 | C20: 2 | D20: 3 | E20: 4 | F20: 5 | G20: 6 | H20: 7 | I20: 8 | J20: 9 | K20: 10 | O20: =O19+1 -> 17 | P20: С245 | Q20: 240 | R20: кв.120х4 | S20: 120 | T20: 120 | X20: 18.5 | Y20: 14.5 | Z20: 408.5 | AA20: 68.1 | AC20: 4.71 | AD20: 408.5 | AE20: 68.1 | AF20: 4.71 | AH20: =MAX($D$18*100/$AC20,$D$17*100/$AF20)/200 -> 0.63694268 | AK20: =(($AK$2+Y20*Лист1!$B$7^2*Лист1!$G$8/100)/(AA20/10^6)+$AK$3/(AE20/10^6))/1000/($Q20*IF(Лист1!$J$19="да",1/1.05,1)) -> 0.44733701 | AN20: =(($AK$2+Y20*Лист1!$B$7^2*Лист1!$G$8/100)/(AA20/10^6)+$AK$3/(AE20/10^6))/1000/($Q20*IF(Лист1!$J$19="да",1/1.05,1)) -> 0.44733701 | AQ20: =MAX((5/384*($AQ$2+$Y20/100)*$D$17^4/(2.06*10^8*$Z20/10^8))/($D$17/300)*INDEX(Лист1!$L$34:$L$38,MATCH(Лист1!$B$8,Лист1!$I$34:$I$38,0),1),(5/384*($AQ$3)*$D$17^4/(2.06*10^8*$AD20/10^8))/($D$17/200)) -> 0.65674353 | AT20: =MAX((5/384*($AT$2+$Y20/100)*$D$17^4/(2.06*10^8*$Z20/10^8))/($D$17/300)*INDEX(Лист1!$L$34:$L$38,MATCH(Лист1!$B$8,Лист1!$I$34:$I$38,0),1),(5/384*($AT$3)*$D$17^4/(2.06*10^8*$AD20/10^8))/($D$17/200)) -> 0.38344974 | AV20: =IF(OR(MAX(AH20,AQ20)>1,AK20>Лист1!$B$20,N20="-"),999999999,Y20*Лист1!$B$7+0.0001*O20) -> 87.0017 | AX20: =IF(OR(MAX(AH20,AT20)>1,AN20>Лист1!$B$20,N20="-"),999999999,Y20*Лист1!$B$7+0.0001*O20) -> 87.0017
A21: Подбор | B21: =SMALL($AV$4:$AV$413,B20) -> 66.0016 | C21: =SMALL($AV$4:$AV$413,C20) -> 66.0148 | D21: =SMALL($AV$4:$AV$413,D20) -> 87.0017 | E21: =SMALL($AV$4:$AV$413,E20) -> 87.0078 | F21: =SMALL($AV$4:$AV$413,F20) -> 87.0149 | G21: =SMALL($AV$4:$AV$413,G20) -> 87.021 | H21: =SMALL($AV$4:$AV$413,H20) -> 87.0283 | I21: =SMALL($AV$4:$AV$413,I20) -> 87.0356 | ... K21: =SMALL($AV$4:$AV$413,K20) -> 88.8145 | O21: =O20+1 -> 18 | P21: С245 | Q21: 240 | R21: кв.120х5 | S21: 120 | T21: 120 | X21: 22.9 | Y21: 18 | Z21: 497.9 | AA21: 83 | AC21: 4.66 | AD21: 497.9 | AE21: 83 | AF21: 4.66 | AH21: =MAX($D$18*100/$AC21,$D$17*100/$AF21)/200 -> 0.64377682 | AK21: =(($AK$2+Y21*Лист1!$B$7^2*Лист1!$G$8/100)/(AA21/10^6)+$AK$3/(AE21/10^6))/1000/($Q21*IF(Лист1!$J$19="да",1/1.05,1)) -> 0.37493856 | AN21: =(($AK$2+Y21*Лист1!$B$7^2*Лист1!$G$8/100)/(AA21/10^6)+$AK$3/(AE21/10^6))/1000/($Q21*IF(Лист1!$J$19="да",1/1.05,1)) -> 0.37493856 | AQ21: =MAX((5/384*($AQ$2+$Y21/100)*$D$17^4/(2.06*10^8*$Z21/10^8))/($D$17/300)*INDEX(Лист1!$L$34:$L$38,MATCH(Лист1!$B$8,Лист1!$I$34:$I$38,0),1),(5/384*($AQ$3)*$D$17^4/(2.06*10^8*$AD21/10^8))/($D$17/200)) -> 0.56761456 | AT21: =MAX((5/384*($AT$2+$Y21/100)*$D$17^4/(2.06*10^8*$Z21/10^8))/($D$17/300)*INDEX(Лист1!$L$34:$L$38,MATCH(Лист1!$B$8,Лист1!$I$34:$I$38,0),1),(5/384*($AT$3)*$D$17^4/(2.06*10^8*$AD21/10^8))/($D$17/200)) -> 0.31459976 | AV21: =IF(OR(MAX(AH21,AQ21)>1,AK21>Лист1!$B$20,N21="-"),999999999,Y21*Лист1!$B$7+0.0001*O21) -> 108.0018 | AX21: =IF(OR(MAX(AH21,AT21)>1,AN21>Лист1!$B$20,N21="-"),999999999,Y21*Лист1!$B$7+0.0001*O21) -> 108.0018
A22: сечение | B22: =INDEX($R$4:$R$413,MATCH(B21,$AV$4:$AV$413,0),1) -> кв.120х3 | C22: =INDEX($R$4:$R$413,MATCH(C21,$AV$4:$AV$413,0),1) -> кв.120х3 | D22: =INDEX($R$4:$R$413,MATCH(D21,$AV$4:$AV$413,0),1) -> кв.120х4 | E22: =INDEX($R$4:$R$413,MATCH(E21,$AV$4:$AV$413,0),1) -> пр.140х100х4 | F22: =INDEX($R$4:$R$413,MATCH(F21,$AV$4:$AV$413,0),1) -> кв.120х4 | G22: =INDEX($R$4:$R$413,MATCH(G21,$AV$4:$AV$413,0),1) -> пр.140х100х4 | H22: =INDEX($R$4:$R$413,MATCH(H21,$AV$4:$AV$413,0),1) -> пр.140х100х4 90° | I22: =INDEX($R$4:$R$413,MATCH(I21,$AV$4:$AV$413,0),1) -> пр.140х100х4 90° | ... K22: =INDEX($R$4:$R$413,MATCH(K21,$AV$4:$AV$413,0),1) -> кв.100х5 | O22: =O21+1 -> 19 | P22: С245 | Q22: 240 | R22: кв.120х6 | S22: 120 | T22: 120 | X22: 27.4 | Y22: 21.5 | Z22: 583.4 | AA22: 97.2 | AC22: 4.61 | AD22: 583.4 | AE22: 97.2 | AF22: 4.61 | AH22: =MAX($D$18*100/$AC22,$D$17*100/$AF22)/200 -> 0.65075922 | AK22: =(($AK$2+Y22*Лист1!$B$7^2*Лист1!$G$8/100)/(AA22/10^6)+$AK$3/(AE22/10^6))/1000/($Q22*IF(Лист1!$J$19="да",1/1.05,1)) -> 0.32691513 | AN22: =(($AK$2+Y22*Лист1!$B$7^2*Лист1!$G$8/100)/(AA22/10^6)+$AK$3/(AE22/10^6))/1000/($Q22*IF(Лист1!$J$19="да",1/1.05,1)) -> 0.32691513 | AQ22: =MAX((5/384*($AQ$2+$Y22/100)*$D$17^4/(2.06*10^8*$Z22/10^8))/($D$17/300)*INDEX(Лист1!$L$34:$L$38,MATCH(Лист1!$B$8,Лист1!$I$34:$I$38,0),1),(5/384*($AQ$3)*$D$17^4/(2.06*10^8*$AD22/10^8))/($D$17/200)) -> 0.50900043 | AT22: =MAX((5/384*($AT$2+$Y22/100)*$D$17^4/(2.06*10^8*$Z22/10^8))/($D$17/300)*INDEX(Лист1!$L$34:$L$38,MATCH(Лист1!$B$8,Лист1!$I$34:$I$38,0),1),(5/384*($AT$3)*$D$17^4/(2.06*10^8*$AD22/10^8))/($D$17/200)) -> 0.26849369 | AV22: =IF(OR(MAX(AH22,AQ22)>1,AK22>Лист1!$B$20,N22="-"),999999999,Y22*Лист1!$B$7+0.0001*O22) -> 129.0019 | AX22: =IF(OR(MAX(AH22,AT22)>1,AN22>Лист1!$B$20,N22="-"),999999999,Y22*Лист1!$B$7+0.0001*O22) -> 129.0019
A23: сталь | B23: =INDEX($P$4:$P$413,MATCH(B21,$AV$4:$AV$413,0),1) -> С245 | C23: =INDEX($P$4:$P$413,MATCH(C21,$AV$4:$AV$413,0),1) -> С345 | D23: =INDEX($P$4:$P$413,MATCH(D21,$AV$4:$AV$413,0),1) -> С245 | E23: =INDEX($P$4:$P$413,MATCH(E21,$AV$4:$AV$413,0),1) -> С245 | F23: =INDEX($P$4:$P$413,MATCH(F21,$AV$4:$AV$413,0),1) -> С345 | G23: =INDEX($P$4:$P$413,MATCH(G21,$AV$4:$AV$413,0),1) -> С345 | H23: =INDEX($P$4:$P$413,MATCH(H21,$AV$4:$AV$413,0),1) -> С245 | I23: =INDEX($P$4:$P$413,MATCH(I21,$AV$4:$AV$413,0),1) -> С345 | ... K23: =INDEX($P$4:$P$413,MATCH(K21,$AV$4:$AV$413,0),1) -> С345 | O23: =O22+1 -> 20 | P23: С245 | Q23: 240 | R23: кв.140х4 | S23: 140 | T23: 140 | X23: 21.6 | Y23: 17 | Z23: 657.9 | AA23: 94 | AC23: 5.52 | AD23: 657.9 | AE23: 94 | AF23: 5.52 | AH23: =MAX($D$18*100/$AC23,$D$17*100/$AF23)/200 -> 0.54347826 | AK23: =(($AK$2+Y23*Лист1!$B$7^2*Лист1!$G$8/100)/(AA23/10^6)+$AK$3/(AE23/10^6))/1000/($Q23*IF(Лист1!$J$19="да",1/1.05,1)) -> 0.32906809 | AN23: =(($AK$2+Y23*Лист1!$B$7^2*Лист1!$G$8/100)/(AA23/10^6)+$AK$3/(AE23/10^6))/1000/($Q23*IF(Лист1!$J$19="да",1/1.05,1)) -> 0.32906809 | AQ23: =MAX((5/384*($AQ$2+$Y23/100)*$D$17^4/(2.06*10^8*$Z23/10^8))/($D$17/300)*INDEX(Лист1!$L$34:$L$38,MATCH(Лист1!$B$8,Лист1!$I$34:$I$38,0),1),(5/384*($AQ$3)*$D$17^4/(2.06*10^8*$AD23/10^8))/($D$17/200)) -> 0.42334613 | AT23: =MAX((5/384*($AT$2+$Y23/100)*$D$17^4/(2.06*10^8*$Z23/10^8))/($D$17/300)*INDEX(Лист1!$L$34:$L$38,MATCH(Лист1!$B$8,Лист1!$I$34:$I$38,0),1),(5/384*($AT$3)*$D$17^4/(2.06*10^8*$AD23/10^8))/($D$17/200)) -> 0.23808971 | AV23: =IF(OR(MAX(AH23,AQ23)>1,AK23>Лист1!$B$20,N23="-"),999999999,Y23*Лист1!$B$7+0.0001*O23) -> 102.002 | AX23: =IF(OR(MAX(AH23,AT23)>1,AN23>Лист1!$B$20,N23="-"),999999999,Y23*Лист1!$B$7+0.0001*O23) -> 102.002
O24: =O23+1 -> 21 | P24: С245 | Q24: 240 | R24: кв.140х5 | S24: 140 | T24: 140 | X24: 26.9 | Y24: 21.1 | Z24: 808.4 | AA24: 115.5 | AC24: 5.48 | AD24: 808.4 | AE24: 115.5 | AF24: 5.48 | AH24: =MAX($D$18*100/$AC24,$D$17*100/$AF24)/200 -> 0.54744526 | AK24: =(($AK$2+Y24*Лист1!$B$7^2*Лист1!$G$8/100)/(AA24/10^6)+$AK$3/(AE24/10^6))/1000/($Q24*IF(Лист1!$J$19="да",1/1.05,1)) -> 0.27446883 | AN24: =(($AK$2+Y24*Лист1!$B$7^2*Лист1!$G$8/100)/(AA24/10^6)+$AK$3/(AE24/10^6))/1000/($Q24*IF(Лист1!$J$19="да",1/1.05,1)) -> 0.27446883 | AQ24: =MAX((5/384*($AQ$2+$Y24/100)*$D$17^4/(2.06*10^8*$Z24/10^8))/($D$17/300)*INDEX(Лист1!$L$34:$L$38,MATCH(Лист1!$B$8,Лист1!$I$34:$I$38,0),1),(5/384*($AQ$3)*$D$17^4/(2.06*10^8*$AD24/10^8))/($D$17/200)) -> 0.36530492 | AT24: =MAX((5/384*($AT$2+$Y24/100)*$D$17^4/(2.06*10^8*$Z24/10^8))/($D$17/300)*INDEX(Лист1!$L$34:$L$38,MATCH(Лист1!$B$8,Лист1!$I$34:$I$38,0),1),(5/384*($AT$3)*$D$17^4/(2.06*10^8*$AD24/10^8))/($D$17/200)) -> 0.1937645 | AV24: =IF(OR(MAX(AH24,AQ24)>1,AK24>Лист1!$B$20,N24="-"),999999999,Y24*Лист1!$B$7+0.0001*O24) -> 126.6021 | AX24: =IF(OR(MAX(AH24,AT24)>1,AN24>Лист1!$B$20,N24="-"),999999999,Y24*Лист1!$B$7+0.0001*O24) -> 126.6021
B25: 1 | C25: 2 | D25: 3 | E25: 4 | F25: 5 | G25: 6 | H25: 7 | I25: 8 | J25: 9 | K25: 10 | O25: =O24+1 -> 22 | P25: С245 | Q25: 240 | R25: кв.140х6 | S25: 140 | T25: 140 | X25: 32.1 | Y25: 25.2 | Z25: 947.1 | AA25: 135.3 | AC25: 5.43 | AD25: 947.1 | AE25: 135.3 | AF25: 5.43 | AH25: =MAX($D$18*100/$AC25,$D$17*100/$AF25)/200 -> 0.55248619 | AK25: =(($AK$2+Y25*Лист1!$B$7^2*Лист1!$G$8/100)/(AA25/10^6)+$AK$3/(AE25/10^6))/1000/($Q25*IF(Лист1!$J$19="да",1/1.05,1)) -> 0.23998448 | AN25: =(($AK$2+Y25*Лист1!$B$7^2*Лист1!$G$8/100)/(AA25/10^6)+$AK$3/(AE25/10^6))/1000/($Q25*IF(Лист1!$J$19="да",1/1.05,1)) -> 0.23998448 | AQ25: =MAX((5/384*($AQ$2+$Y25/100)*$D$17^4/(2.06*10^8*$Z25/10^8))/($D$17/300)*INDEX(Лист1!$L$34:$L$38,MATCH(Лист1!$B$8,Лист1!$I$34:$I$38,0),1),(5/384*($AQ$3)*$D$17^4/(2.06*10^8*$AD25/10^8))/($D$17/200)) -> 0.32953815 | AT25: =MAX((5/384*($AT$2+$Y25/100)*$D$17^4/(2.06*10^8*$Z25/10^8))/($D$17/300)*INDEX(Лист1!$L$34:$L$38,MATCH(Лист1!$B$8,Лист1!$I$34:$I$38,0),1),(5/384*($AT$3)*$D$17^4/(2.06*10^8*$AD25/10^8))/($D$17/200)) -> 0.16538826 | AV25: =IF(OR(MAX(AH25,AQ25)>1,AK25>Лист1!$B$20,N25="-"),999999999,Y25*Лист1!$B$7+0.0001*O25) -> 151.2022 | AX25: =IF(OR(MAX(AH25,AT25)>1,AN25>Лист1!$B$20,N25="-"),999999999,Y25*Лист1!$B$7+0.0001*O25) -> 151.2022
A26: Подбор | B26: =SMALL($AX$4:$AX$413,B25) -> 54.6011 | C26: =SMALL($AX$4:$AX$413,C25) -> 54.6143 | D26: =SMALL($AX$4:$AX$413,D25) -> 54.6274 | E26: =SMALL($AX$4:$AX$413,E25) -> 54.6347 | F26: =SMALL($AX$4:$AX$413,F25) -> 66.0016 | G26: =SMALL($AX$4:$AX$413,G25) -> 66.0148 | H26: =SMALL($AX$4:$AX$413,H25) -> 72.0012 | I26: =SMALL($AX$4:$AX$413,I25) -> 72.007 | ... K26: =SMALL($AX$4:$AX$413,K25) -> 72.0202 | O26: =O25+1 -> 23 | P26: С245 | Q26: 240 | R26: кв.140х7 | S26: 140 | T26: 140 | X26: 37.2 | Y26: 29.2 | Z26: 1077.1 | AA26: 153.9 | AC26: 5.38 | AD26: 1077.1 | AE26: 153.9 | AF26: 5.38 | AH26: =MAX($D$18*100/$AC26,$D$17*100/$AF26)/200 -> 0.55762082 | AK26: =(($AK$2+Y26*Лист1!$B$7^2*Лист1!$G$8/100)/(AA26/10^6)+$AK$3/(AE26/10^6))/1000/($Q26*IF(Лист1!$J$19="да",1/1.05,1)) -> 0.2158538 | AN26: =(($AK$2+Y26*Лист1!$B$7^2*Лист1!$G$8/100)/(AA26/10^6)+$AK$3/(AE26/10^6))/1000/($Q26*IF(Лист1!$J$19="да",1/1.05,1)) -> 0.2158538 | AQ26: =MAX((5/384*($AQ$2+$Y26/100)*$D$17^4/(2.06*10^8*$Z26/10^8))/($D$17/300)*INDEX(Лист1!$L$34:$L$38,MATCH(Лист1!$B$8,Лист1!$I$34:$I$38,0),1),(5/384*($AQ$3)*$D$17^4/(2.06*10^8*$AD26/10^8))/($D$17/200)) -> 0.30497547 | AT26: =MAX((5/384*($AT$2+$Y26/100)*$D$17^4/(2.06*10^8*$Z26/10^8))/($D$17/300)*INDEX(Лист1!$L$34:$L$38,MATCH(Лист1!$B$8,Лист1!$I$34:$I$38,0),1),(5/384*($AT$3)*$D$17^4/(2.06*10^8*$AD26/10^8))/($D$17/200)) -> 0.14542681 | AV26: =IF(OR(MAX(AH26,AQ26)>1,AK26>Лист1!$B$20,N26="-"),999999999,Y26*Лист1!$B$7+0.0001*O26) -> 175.2023 | AX26: =IF(OR(MAX(AH26,AT26)>1,AN26>Лист1!$B$20,N26="-"),999999999,Y26*Лист1!$B$7+0.0001*O26) -> 175.2023
A27: сечение | B27: =INDEX($R$4:$R$413,MATCH(B26,$AX$4:$AX$413,0),1) -> кв.100х3 | C27: =INDEX($R$4:$R$413,MATCH(C26,$AX$4:$AX$413,0),1) -> кв.100х3 | D27: =INDEX($R$4:$R$413,MATCH(D26,$AX$4:$AX$413,0),1) -> пр.120х80х3 90° | E27: =INDEX($R$4:$R$413,MATCH(E26,$AX$4:$AX$413,0),1) -> пр.120х80х3 90° | F27: =INDEX($R$4:$R$413,MATCH(F26,$AX$4:$AX$413,0),1) -> кв.120х3 | G27: =INDEX($R$4:$R$413,MATCH(G26,$AX$4:$AX$413,0),1) -> кв.120х3 | H27: =INDEX($R$4:$R$413,MATCH(H26,$AX$4:$AX$413,0),1) -> кв.100х4 | I27: =INDEX($R$4:$R$413,MATCH(I26,$AX$4:$AX$413,0),1) -> пр.120х80х4 | ... K27: =INDEX($R$4:$R$413,MATCH(K26,$AX$4:$AX$413,0),1) -> пр.120х80х4 | O27: =O26+1 -> 24 | P27: С245 | Q27: 240 | R27: кв.140х8 | S27: 140 | T27: 140 | X27: 42.3 | Y27: 33.2 | Z27: 1201.7 | AA27: 171.7 | AC27: 5.33 | AD27: 1201.7 | AE27: 171.7 | AF27: 5.33 | AH27: =MAX($D$18*100/$AC27,$D$17*100/$AF27)/200 -> 0.56285178 | AK27: =(($AK$2+Y27*Лист1!$B$7^2*Лист1!$G$8/100)/(AA27/10^6)+$AK$3/(AE27/10^6))/1000/($Q27*IF(Лист1!$J$19="да",1/1.05,1)) -> 0.1978445 | AN27: =(($AK$2+Y27*Лист1!$B$7^2*Лист1!$G$8/100)/(AA27/10^6)+$AK$3/(AE27/10^6))/1000/($Q27*IF(Лист1!$J$19="да",1/1.05,1)) -> 0.1978445 | AQ27: =MAX((5/384*($AQ$2+$Y27/100)*$D$17^4/(2.06*10^8*$Z27/10^8))/($D$17/300)*INDEX(Лист1!$L$34:$L$38,MATCH(Лист1!$B$8,Лист1!$I$34:$I$38,0),1),(5/384*($AQ$3)*$D$17^4/(2.06*10^8*$AD27/10^8))/($D$17/200)) -> 0.28698725 | AT27: =MAX((5/384*($AT$2+$Y27/100)*$D$17^4/(2.06*10^8*$Z27/10^8))/($D$17/300)*INDEX(Лист1!$L$34:$L$38,MATCH(Лист1!$B$8,Лист1!$I$34:$I$38,0),1),(5/384*($AT$3)*$D$17^4/(2.06*10^8*$AD27/10^8))/($D$17/200)) -> 0.14383446 | AV27: =IF(OR(MAX(AH27,AQ27)>1,AK27>Лист1!$B$20,N27="-"),999999999,Y27*Лист1!$B$7+0.0001*O27) -> 199.2024 | AX27: =IF(OR(MAX(AH27,AT27)>1,AN27>Лист1!$B$20,N27="-"),999999999,Y27*Лист1!$B$7+0.0001*O27) -> 199.2024
A28: сталь | B28: =INDEX($P$4:$P$413,MATCH(B26,$AX$4:$AX$413,0),1) -> С245 | C28: =INDEX($P$4:$P$413,MATCH(C26,$AX$4:$AX$413,0),1) -> С345 | D28: =INDEX($P$4:$P$413,MATCH(D26,$AX$4:$AX$413,0),1) -> С245 | E28: =INDEX($P$4:$P$413,MATCH(E26,$AX$4:$AX$413,0),1) -> С345 | F28: =INDEX($P$4:$P$413,MATCH(F26,$AX$4:$AX$413,0),1) -> С245 | G28: =INDEX($P$4:$P$413,MATCH(G26,$AX$4:$AX$413,0),1) -> С345 | H28: =INDEX($P$4:$P$413,MATCH(H26,$AX$4:$AX$413,0),1) -> С245 | I28: =INDEX($P$4:$P$413,MATCH(I26,$AX$4:$AX$413,0),1) -> С245 | ... K28: =INDEX($P$4:$P$413,MATCH(K26,$AX$4:$AX$413,0),1) -> С345 | O28: =O27+1 -> 25 | P28: С245 | Q28: 240 | R28: кв.160х4 | S28: 160 | T28: 160 | X28: 24.7 | Y28: 19.4 | Z28: 989.7 | AA28: 123.7 | AC28: 6.33 | AD28: 989.7 | AE28: 123.7 | AF28: 6.33 | AH28: =MAX($D$18*100/$AC28,$D$17*100/$AF28)/200 -> 0.47393365 | AK28: =(($AK$2+Y28*Лист1!$B$7^2*Лист1!$G$8/100)/(AA28/10^6)+$AK$3/(AE28/10^6))/1000/($Q28*IF(Лист1!$J$19="да",1/1.05,1)) -> 0.25369766 | AN28: =(($AK$2+Y28*Лист1!$B$7^2*Лист1!$G$8/100)/(AA28/10^6)+$AK$3/(AE28/10^6))/1000/($Q28*IF(Лист1!$J$19="да",1/1.05,1)) -> 0.25369766 | AQ28: =MAX((5/384*($AQ$2+$Y28/100)*$D$17^4/(2.06*10^8*$Z28/10^8))/($D$17/300)*INDEX(Лист1!$L$34:$L$38,MATCH(Лист1!$B$8,Лист1!$I$34:$I$38,0),1),(5/384*($AQ$3)*$D$17^4/(2.06*10^8*$AD28/10^8))/($D$17/200)) -> 0.29135042 | AT28: =MAX((5/384*($AT$2+$Y28/100)*$D$17^4/(2.06*10^8*$Z28/10^8))/($D$17/300)*INDEX(Лист1!$L$34:$L$38,MATCH(Лист1!$B$8,Лист1!$I$34:$I$38,0),1),(5/384*($AT$3)*$D$17^4/(2.06*10^8*$AD28/10^8))/($D$17/200)) -> 0.15826939 | AV28: =IF(OR(MAX(AH28,AQ28)>1,AK28>Лист1!$B$20,N28="-"),999999999,Y28*Лист1!$B$7+0.0001*O28) -> 116.4025 | AX28: =IF(OR(MAX(AH28,AT28)>1,AN28>Лист1!$B$20,N28="-"),999999999,Y28*Лист1!$B$7+0.0001*O28) -> 116.4025
O29: =O28+1 -> 26 | P29: С245 | Q29: 240 | R29: кв.160х5 | S29: 160 | T29: 160 | X29: 30.7 | Y29: 24.1 | Z29: 1214.6 | AA29: 151.8 | AC29: 6.29 | AD29: 1214.6 | AE29: 151.8 | AF29: 6.29 | AH29: =MAX($D$18*100/$AC29,$D$17*100/$AF29)/200 -> 0.47694754 | AK29: =(($AK$2+Y29*Лист1!$B$7^2*Лист1!$G$8/100)/(AA29/10^6)+$AK$3/(AE29/10^6))/1000/($Q29*IF(Лист1!$J$19="да",1/1.05,1)) -> 0.21254052 | AN29: =(($AK$2+Y29*Лист1!$B$7^2*Лист1!$G$8/100)/(AA29/10^6)+$AK$3/(AE29/10^6))/1000/($Q29*IF(Лист1!$J$19="да",1/1.05,1)) -> 0.21254052 | AQ29: =MAX((5/384*($AQ$2+$Y29/100)*$D$17^4/(2.06*10^8*$Z29/10^8))/($D$17/300)*INDEX(Лист1!$L$34:$L$38,MATCH(Лист1!$B$8,Лист1!$I$34:$I$38,0),1),(5/384*($AQ$3)*$D$17^4/(2.06*10^8*$AD29/10^8))/($D$17/200)) -> 0.2532522 | AT29: =MAX((5/384*($AT$2+$Y29/100)*$D$17^4/(2.06*10^8*$Z29/10^8))/($D$17/300)*INDEX(Лист1!$L$34:$L$38,MATCH(Лист1!$B$8,Лист1!$I$34:$I$38,0),1),(5/384*($AT$3)*$D$17^4/(2.06*10^8*$AD29/10^8))/($D$17/200)) -> 0.12896363 | AV29: =IF(OR(MAX(AH29,AQ29)>1,AK29>Лист1!$B$20,N29="-"),999999999,Y29*Лист1!$B$7+0.0001*O29) -> 144.6026 | AX29: =IF(OR(MAX(AH29,AT29)>1,AN29>Лист1!$B$20,N29="-"),999999999,Y29*Лист1!$B$7+0.0001*O29) -> 144.6026
O30: =O29+1 -> 27 | P30: С245 | Q30: 240 | R30: кв.160х6 | S30: 160 | T30: 160 | X30: 36.8 | Y30: 28.9 | Z30: 1435.1 | AA30: 179.4 | AC30: 6.24 | AD30: 1435.1 | AE30: 179.4 | AF30: 6.24 | AH30: =MAX($D$18*100/$AC30,$D$17*100/$AF30)/200 -> 0.48076923 | AK30: =(($AK$2+Y30*Лист1!$B$7^2*Лист1!$G$8/100)/(AA30/10^6)+$AK$3/(AE30/10^6))/1000/($Q30*IF(Лист1!$J$19="да",1/1.05,1)) -> 0.1848587 | AN30: =(($AK$2+Y30*Лист1!$B$7^2*Лист1!$G$8/100)/(AA30/10^6)+$AK$3/(AE30/10^6))/1000/($Q30*IF(Лист1!$J$19="да",1/1.05,1)) -> 0.1848587 | AQ30: =MAX((5/384*($AQ$2+$Y30/100)*$D$17^4/(2.06*10^8*$Z30/10^8))/($D$17/300)*INDEX(Лист1!$L$34:$L$38,MATCH(Лист1!$B$8,Лист1!$I$34:$I$38,0),1),(5/384*($AQ$3)*$D$17^4/(2.06*10^8*$AD30/10^8))/($D$17/200)) -> 0.22804008 | AT30: =MAX((5/384*($AT$2+$Y30/100)*$D$17^4/(2.06*10^8*$Z30/10^8))/($D$17/300)*INDEX(Лист1!$L$34:$L$38,MATCH(Лист1!$B$8,Лист1!$I$34:$I$38,0),1),(5/384*($AT$3)*$D$17^4/(2.06*10^8*$AD30/10^8))/($D$17/200)) -> 0.10914864 | AV30: =IF(OR(MAX(AH30,AQ30)>1,AK30>Лист1!$B$20,N30="-"),999999999,Y30*Лист1!$B$7+0.0001*O30) -> 173.4027 | AX30: =IF(OR(MAX(AH30,AT30)>1,AN30>Лист1!$B$20,N30="-"),999999999,Y30*Лист1!$B$7+0.0001*O30) -> 173.4027
N31: - | O31: =O30+1 -> 28 | P31: С245 | Q31: 240 | R31: кв.160х7 | S31: 160 | T31: 160 | X31: 42.8 | Y31: 33.6 | Z31: 1640.8 | AA31: 205.1 | AC31: 6.2 | AD31: 1640.8 | AE31: 205.1 | AF31: 6.2 | AH31: =MAX($D$18*100/$AC31,$D$17*100/$AF31)/200 -> 0.48387097 | AK31: =(($AK$2+Y31*Лист1!$B$7^2*Лист1!$G$8/100)/(AA31/10^6)+$AK$3/(AE31/10^6))/1000/($Q31*IF(Лист1!$J$19="да",1/1.05,1)) -> 0.16599171 | AN31: =(($AK$2+Y31*Лист1!$B$7^2*Лист1!$G$8/100)/(AA31/10^6)+$AK$3/(AE31/10^6))/1000/($Q31*IF(Лист1!$J$19="да",1/1.05,1)) -> 0.16599171 | AQ31: =MAX((5/384*($AQ$2+$Y31/100)*$D$17^4/(2.06*10^8*$Z31/10^8))/($D$17/300)*INDEX(Лист1!$L$34:$L$38,MATCH(Лист1!$B$8,Лист1!$I$34:$I$38,0),1),(5/384*($AQ$3)*$D$17^4/(2.06*10^8*$AD31/10^8))/($D$17/200)) -> 0.21118413 | AT31: =MAX((5/384*($AT$2+$Y31/100)*$D$17^4/(2.06*10^8*$Z31/10^8))/($D$17/300)*INDEX(Лист1!$L$34:$L$38,MATCH(Лист1!$B$8,Лист1!$I$34:$I$38,0),1),(5/384*($AT$3)*$D$17^4/(2.06*10^8*$AD31/10^8))/($D$17/200)) -> 0.10634095 | AV31: =IF(OR(MAX(AH31,AQ31)>1,AK31>Лист1!$B$20,N31="-"),999999999,Y31*Лист1!$B$7+0.0001*O31) -> 999999999 | AX31: =IF(OR(MAX(AH31,AT31)>1,AN31>Лист1!$B$20,N31="-"),999999999,Y31*Лист1!$B$7+0.0001*O31) -> 999999999
O32: =O31+1 -> 29 | P32: С245 | Q32: 240 | R32: кв.160х8 | S32: 160 | T32: 160 | X32: 48.7 | Y32: 38.2 | Z32: 1836.9 | AA32: 229.6 | AC32: 6.15 | AD32: 1836.9 | AE32: 229.6 | AF32: 6.15 | AH32: =MAX($D$18*100/$AC32,$D$17*100/$AF32)/200 -> 0.48780488 | AK32: =(($AK$2+Y32*Лист1!$B$7^2*Лист1!$G$8/100)/(AA32/10^6)+$AK$3/(AE32/10^6))/1000/($Q32*IF(Лист1!$J$19="да",1/1.05,1)) -> 0.15203572 | AN32: =(($AK$2+Y32*Лист1!$B$7^2*Лист1!$G$8/100)/(AA32/10^6)+$AK$3/(AE32/10^6))/1000/($Q32*IF(Лист1!$J$19="да",1/1.05,1)) -> 0.15203572 | AQ32: =MAX((5/384*($AQ$2+$Y32/100)*$D$17^4/(2.06*10^8*$Z32/10^8))/($D$17/300)*INDEX(Лист1!$L$34:$L$38,MATCH(Лист1!$B$8,Лист1!$I$34:$I$38,0),1),(5/384*($AQ$3)*$D$17^4/(2.06*10^8*$AD32/10^8))/($D$17/200)) -> 0.19889593 | AT32: =MAX((5/384*($AT$2+$Y32/100)*$D$17^4/(2.06*10^8*$Z32/10^8))/($D$17/300)*INDEX(Лист1!$L$34:$L$38,MATCH(Лист1!$B$8,Лист1!$I$34:$I$38,0),1),(5/384*($AT$3)*$D$17^4/(2.06*10^8*$AD32/10^8))/($D$17/200)) -> 0.10524538 | AV32: =IF(OR(MAX(AH32,AQ32)>1,AK32>Лист1!$B$20,N32="-"),999999999,Y32*Лист1!$B$7+0.0001*O32) -> 229.2029 | AX32: =IF(OR(MAX(AH32,AT32)>1,AN32>Лист1!$B$20,N32="-"),999999999,Y32*Лист1!$B$7+0.0001*O32) -> 229.2029
O33: =O32+1 -> 30 | P33: С245 | Q33: 240 | R33: кв.180х5 | S33: 180 | T33: 180 | X33: 34.6 | Y33: 27.2 | Z33: 1749.1 | AA33: 194.3 | AC33: 7.11 | AD33: 1749.1 | AE33: 194.3 | AF33: 7.11 | AH33: =MAX($D$18*100/$AC33,$D$17*100/$AF33)/200 -> 0.42194093 | AK33: =(($AK$2+Y33*Лист1!$B$7^2*Лист1!$G$8/100)/(AA33/10^6)+$AK$3/(AE33/10^6))/1000/($Q33*IF(Лист1!$J$19="да",1/1.05,1)) -> 0.1690422 | AN33: =(($AK$2+Y33*Лист1!$B$7^2*Лист1!$G$8/100)/(AA33/10^6)+$AK$3/(AE33/10^6))/1000/($Q33*IF(Лист1!$J$19="да",1/1.05,1)) -> 0.1690422 | AQ33: =MAX((5/384*($AQ$2+$Y33/100)*$D$17^4/(2.06*10^8*$Z33/10^8))/($D$17/300)*INDEX(Лист1!$L$34:$L$38,MATCH(Лист1!$B$8,Лист1!$I$34:$I$38,0),1),(5/384*($AQ$3)*$D$17^4/(2.06*10^8*$AD33/10^8))/($D$17/200)) -> 0.18312122 | AT33: =MAX((5/384*($AT$2+$Y33/100)*$D$17^4/(2.06*10^8*$Z33/10^8))/($D$17/300)*INDEX(Лист1!$L$34:$L$38,MATCH(Лист1!$B$8,Лист1!$I$34:$I$38,0),1),(5/384*($AT$3)*$D$17^4/(2.06*10^8*$AD33/10^8))/($D$17/200)) -> 0.089554182 | AV33: =IF(OR(MAX(AH33,AQ33)>1,AK33>Лист1!$B$20,N33="-"),999999999,Y33*Лист1!$B$7+0.0001*O33) -> 163.203 | AX33: =IF(OR(MAX(AH33,AT33)>1,AN33>Лист1!$B$20,N33="-"),999999999,Y33*Лист1!$B$7+0.0001*O33) -> 163.203
O34: =O33+1 -> 31 | P34: С245 | Q34: 240 | R34: кв.180х6 | S34: 180 | T34: 180 | X34: 41.4 | Y34: 32.5 | Z34: 2063.5 | AA34: 229.3 | AC34: 7.06 | AD34: 2063.5 | AE34: 229.3 | AF34: 7.06 | AH34: =MAX($D$18*100/$AC34,$D$17*100/$AF34)/200 -> 0.42492918 | AK34: =(($AK$2+Y34*Лист1!$B$7^2*Лист1!$G$8/100)/(AA34/10^6)+$AK$3/(AE34/10^6))/1000/($Q34*IF(Лист1!$J$19="да",1/1.05,1)) -> 0.1475737 | AN34: =(($AK$2+Y34*Лист1!$B$7^2*Лист1!$G$8/100)/(AA34/10^6)+$AK$3/(AE34/10^6))/1000/($Q34*IF(Лист1!$J$19="да",1/1.05,1)) -> 0.1475737 | AQ34: =MAX((5/384*($AQ$2+$Y34/100)*$D$17^4/(2.06*10^8*$Z34/10^8))/($D$17/300)*INDEX(Лист1!$L$34:$L$38,MATCH(Лист1!$B$8,Лист1!$I$34:$I$38,0),1),(5/384*($AQ$3)*$D$17^4/(2.06*10^8*$AD34/10^8))/($D$17/200)) -> 0.16574047 | AT34: =MAX((5/384*($AT$2+$Y34/100)*$D$17^4/(2.06*10^8*$Z34/10^8))/($D$17/300)*INDEX(Лист1!$L$34:$L$38,MATCH(Лист1!$B$8,Лист1!$I$34:$I$38,0),1),(5/384*($AT$3)*$D$17^4/(2.06*10^8*$AD34/10^8))/($D$17/200)) -> 0.082374006 | AV34: =IF(OR(MAX(AH34,AQ34)>1,AK34>Лист1!$B$20,N34="-"),999999999,Y34*Лист1!$B$7+0.0001*O34) -> 195.0031 | AX34: =IF(OR(MAX(AH34,AT34)>1,AN34>Лист1!$B$20,N34="-"),999999999,Y34*Лист1!$B$7+0.0001*O34) -> 195.0031
O35: =O34+1 -> 32 | P35: С245 | Q35: 240 | R35: кв.180х7 | S35: 180 | T35: 180 | X35: 48.2 | Y35: 37.8 | Z35: 2372.1 | AA35: 263.6 | AC35: 7.01 | AD35: 2372.1 | AE35: 263.6 | AF35: 7.01 | AH35: =MAX($D$18*100/$AC35,$D$17*100/$AF35)/200 -> 0.42796006 | AK35: =(($AK$2+Y35*Лист1!$B$7^2*Лист1!$G$8/100)/(AA35/10^6)+$AK$3/(AE35/10^6))/1000/($Q35*IF(Лист1!$J$19="да",1/1.05,1)) -> 0.13214112 | AN35: =(($AK$2+Y35*Лист1!$B$7^2*Лист1!$G$8/100)/(AA35/10^6)+$AK$3/(AE35/10^6))/1000/($Q35*IF(Лист1!$J$19="да",1/1.05,1)) -> 0.13214112 | AQ35: =MAX((5/384*($AQ$2+$Y35/100)*$D$17^4/(2.06*10^8*$Z35/10^8))/($D$17/300)*INDEX(Лист1!$L$34:$L$38,MATCH(Лист1!$B$8,Лист1!$I$34:$I$38,0),1),(5/384*($AQ$3)*$D$17^4/(2.06*10^8*$AD35/10^8))/($D$17/200)) -> 0.15332979 | AT35: =MAX((5/384*($AT$2+$Y35/100)*$D$17^4/(2.06*10^8*$Z35/10^8))/($D$17/300)*INDEX(Лист1!$L$34:$L$38,MATCH(Лист1!$B$8,Лист1!$I$34:$I$38,0),1),(5/384*($AT$3)*$D$17^4/(2.06*10^8*$AD35/10^8))/($D$17/200)) -> 0.080808943 | AV35: =IF(OR(MAX(AH35,AQ35)>1,AK35>Лист1!$B$20,N35="-"),999999999,Y35*Лист1!$B$7+0.0001*O35) -> 226.8032 | AX35: =IF(OR(MAX(AH35,AT35)>1,AN35>Лист1!$B$20,N35="-"),999999999,Y35*Лист1!$B$7+0.0001*O35) -> 226.8032
O36: =O35+1 -> 33 | P36: С245 | Q36: 240 | R36: кв.180х8 | S36: 180 | T36: 180 | X36: 54.8 | Y36: 43 | Z36: 2663.3 | AA36: 295.9 | AC36: 6.97 | AD36: 2663.3 | AE36: 295.9 | AF36: 6.97 | AH36: =MAX($D$18*100/$AC36,$D$17*100/$AF36)/200 -> 0.43041607 | AK36: =(($AK$2+Y36*Лист1!$B$7^2*Лист1!$G$8/100)/(AA36/10^6)+$AK$3/(AE36/10^6))/1000/($Q36*IF(Лист1!$J$19="да",1/1.05,1)) -> 0.12101183 | AN36: =(($AK$2+Y36*Лист1!$B$7^2*Лист1!$G$8/100)/(AA36/10^6)+$AK$3/(AE36/10^6))/1000/($Q36*IF(Лист1!$J$19="да",1/1.05,1)) -> 0.12101183 | AQ36: =MAX((5/384*($AQ$2+$Y36/100)*$D$17^4/(2.06*10^8*$Z36/10^8))/($D$17/300)*INDEX(Лист1!$L$34:$L$38,MATCH(Лист1!$B$8,Лист1!$I$34:$I$38,0),1),(5/384*($AQ$3)*$D$17^4/(2.06*10^8*$AD36/10^8))/($D$17/200)) -> 0.14456206 | AT36: =MAX((5/384*($AT$2+$Y36/100)*$D$17^4/(2.06*10^8*$Z36/10^8))/($D$17/300)*INDEX(Лист1!$L$34:$L$38,MATCH(Лист1!$B$8,Лист1!$I$34:$I$38,0),1),(5/384*($AT$3)*$D$17^4/(2.06*10^8*$AD36/10^8))/($D$17/200)) -> 0.079970502 | AV36: =IF(OR(MAX(AH36,AQ36)>1,AK36>Лист1!$B$20,N36="-"),999999999,Y36*Лист1!$B$7+0.0001*O36) -> 258.0033 | AX36: =IF(OR(MAX(AH36,AT36)>1,AN36>Лист1!$B$20,N36="-"),999999999,Y36*Лист1!$B$7+0.0001*O36) -> 258.0033
O37: =O36+1 -> 34 | P37: С245 | Q37: 240 | R37: кв.180х9 | S37: 180 | T37: 180 | X37: 61.5 | Y37: 48.3 | Z37: 2976.5 | AA37: 326.2 | AC37: 6.91 | AD37: 2976.5 | AE37: 326.2 | AF37: 6.91 | AH37: =MAX($D$18*100/$AC37,$D$17*100/$AF37)/200 -> 0.4341534 | AK37: =(($AK$2+Y37*Лист1!$B$7^2*Лист1!$G$8/100)/(AA37/10^6)+$AK$3/(AE37/10^6))/1000/($Q37*IF(Лист1!$J$19="да",1/1.05,1)) -> 0.11281775 | AN37: =(($AK$2+Y37*Лист1!$B$7^2*Лист1!$G$8/100)/(AA37/10^6)+$AK$3/(AE37/10^6))/1000/($Q37*IF(Лист1!$J$19="да",1/1.05,1)) -> 0.11281775 | AQ37: =MAX((5/384*($AQ$2+$Y37/100)*$D$17^4/(2.06*10^8*$Z37/10^8))/($D$17/300)*INDEX(Лист1!$L$34:$L$38,MATCH(Лист1!$B$8,Лист1!$I$34:$I$38,0),1),(5/384*($AQ$3)*$D$17^4/(2.06*10^8*$AD37/10^8))/($D$17/200)) -> 0.1366438 | AT37: =MAX((5/384*($AT$2+$Y37/100)*$D$17^4/(2.06*10^8*$Z37/10^8))/($D$17/300)*INDEX(Лист1!$L$34:$L$38,MATCH(Лист1!$B$8,Лист1!$I$34:$I$38,0),1),(5/384*($AT$3)*$D$17^4/(2.06*10^8*$AD37/10^8))/($D$17/200)) -> 0.078848839 | AV37: =IF(OR(MAX(AH37,AQ37)>1,AK37>Лист1!$B$20,N37="-"),999999999,Y37*Лист1!$B$7+0.0001*O37) -> 289.8034 | AX37: =IF(OR(MAX(AH37,AT37)>1,AN37>Лист1!$B$20,N37="-"),999999999,Y37*Лист1!$B$7+0.0001*O37) -> 289.8034
O38: =O37+1 -> 35 | P38: С245 | Q38: 240 | R38: кв.180х10 | S38: 180 | T38: 180 | X38: 68.2 | Y38: 53.5 | Z38: 3300.7 | AA38: 353.5 | AC38: 6.86 | AD38: 3300.7 | AE38: 353.5 | AF38: 6.86 | AH38: =MAX($D$18*100/$AC38,$D$17*100/$AF38)/200 -> 0.43731778 | AK38: =(($AK$2+Y38*Лист1!$B$7^2*Лист1!$G$8/100)/(AA38/10^6)+$AK$3/(AE38/10^6))/1000/($Q38*IF(Лист1!$J$19="да",1/1.05,1)) -> 0.10686323 | AN38: =(($AK$2+Y38*Лист1!$B$7^2*Лист1!$G$8/100)/(AA38/10^6)+$AK$3/(AE38/10^6))/1000/($Q38*IF(Лист1!$J$19="да",1/1.05,1)) -> 0.10686323 | AQ38: =MAX((5/384*($AQ$2+$Y38/100)*$D$17^4/(2.06*10^8*$Z38/10^8))/($D$17/300)*INDEX(Лист1!$L$34:$L$38,MATCH(Лист1!$B$8,Лист1!$I$34:$I$38,0),1),(5/384*($AQ$3)*$D$17^4/(2.06*10^8*$AD38/10^8))/($D$17/200)) -> 0.12967516 | AT38: =MAX((5/384*($AT$2+$Y38/100)*$D$17^4/(2.06*10^8*$Z38/10^8))/($D$17/300)*INDEX(Лист1!$L$34:$L$38,MATCH(Лист1!$B$8,Лист1!$I$34:$I$38,0),1),(5/384*($AT$3)*$D$17^4/(2.06*10^8*$AD38/10^8))/($D$17/200)) -> 0.077556916 | AV38: =IF(OR(MAX(AH38,AQ38)>1,AK38>Лист1!$B$20,N38="-"),999999999,Y38*Лист1!$B$7+0.0001*O38) -> 321.0035 | AX38: =IF(OR(MAX(AH38,AT38)>1,AN38>Лист1!$B$20,N38="-"),999999999,Y38*Лист1!$B$7+0.0001*O38) -> 321.0035
N39: - | O39: =O38+1 -> 36 | P39: С245 | Q39: 240 | R39: кв.200х5 | S39: 200 | T39: 200 | X39: 38.4 | Y39: 30.1 | Z39: 2410 | AA39: 241 | AC39: 7.93 | AD39: 2410 | AE39: 241 | AF39: 7.93 | AH39: =MAX($D$18*100/$AC39,$D$17*100/$AF39)/200 -> 0.37831021 | AK39: =(($AK$2+Y39*Лист1!$B$7^2*Лист1!$G$8/100)/(AA39/10^6)+$AK$3/(AE39/10^6))/1000/($Q39*IF(Лист1!$J$19="да",1/1.05,1)) -> 0.13854212 | AN39: =(($AK$2+Y39*Лист1!$B$7^2*Лист1!$G$8/100)/(AA39/10^6)+$AK$3/(AE39/10^6))/1000/($Q39*IF(Лист1!$J$19="да",1/1.05,1)) -> 0.13854212 | AQ39: =MAX((5/384*($AQ$2+$Y39/100)*$D$17^4/(2.06*10^8*$Z39/10^8))/($D$17/300)*INDEX(Лист1!$L$34:$L$38,MATCH(Лист1!$B$8,Лист1!$I$34:$I$38,0),1),(5/384*($AQ$3)*$D$17^4/(2.06*10^8*$AD39/10^8))/($D$17/200)) -> 0.1378321 | AT39: =MAX((5/384*($AT$2+$Y39/100)*$D$17^4/(2.06*10^8*$Z39/10^8))/($D$17/300)*INDEX(Лист1!$L$34:$L$38,MATCH(Лист1!$B$8,Лист1!$I$34:$I$38,0),1),(5/384*($AT$3)*$D$17^4/(2.06*10^8*$AD39/10^8))/($D$17/200)) -> 0.066451728 | AV39: =IF(OR(MAX(AH39,AQ39)>1,AK39>Лист1!$B$20,N39="-"),999999999,Y39*Лист1!$B$7+0.0001*O39) -> 999999999 | AX39: =IF(OR(MAX(AH39,AT39)>1,AN39>Лист1!$B$20,N39="-"),999999999,Y39*Лист1!$B$7+0.0001*O39) -> 999999999
O40: =O39+1 -> 37 | P40: С245 | Q40: 240 | R40: кв.200х6 | S40: 200 | T40: 200 | X40: 45.6 | Y40: 35.8 | Z40: 2832 | AA40: 283 | AC40: 7.88 | AD40: 2832 | AE40: 283 | AF40: 7.88 | AH40: =MAX($D$18*100/$AC40,$D$17*100/$AF40)/200 -> 0.38071066 | AK40: =(($AK$2+Y40*Лист1!$B$7^2*Лист1!$G$8/100)/(AA40/10^6)+$AK$3/(AE40/10^6))/1000/($Q40*IF(Лист1!$J$19="да",1/1.05,1)) -> 0.1217576 | AN40: =(($AK$2+Y40*Лист1!$B$7^2*Лист1!$G$8/100)/(AA40/10^6)+$AK$3/(AE40/10^6))/1000/($Q40*IF(Лист1!$J$19="да",1/1.05,1)) -> 0.1217576 | AQ40: =MAX((5/384*($AQ$2+$Y40/100)*$D$17^4/(2.06*10^8*$Z40/10^8))/($D$17/300)*INDEX(Лист1!$L$34:$L$38,MATCH(Лист1!$B$8,Лист1!$I$34:$I$38,0),1),(5/384*($AQ$3)*$D$17^4/(2.06*10^8*$AD40/10^8))/($D$17/200)) -> 0.12553737 | AT40: =MAX((5/384*($AT$2+$Y40/100)*$D$17^4/(2.06*10^8*$Z40/10^8))/($D$17/300)*INDEX(Лист1!$L$34:$L$38,MATCH(Лист1!$B$8,Лист1!$I$34:$I$38,0),1),(5/384*($AT$3)*$D$17^4/(2.06*10^8*$AD40/10^8))/($D$17/200)) -> 0.064793484 | AV40: =IF(OR(MAX(AH40,AQ40)>1,AK40>Лист1!$B$20,N40="-"),999999999,Y40*Лист1!$B$7+0.0001*O40) -> 214.8037 | AX40: =IF(OR(MAX(AH40,AT40)>1,AN40>Лист1!$B$20,N40="-"),999999999,Y40*Лист1!$B$7+0.0001*O40) -> 214.8037
O41: =O40+1 -> 38 | P41: С245 | Q41: 240 | R41: кв.200х7 | S41: 200 | T41: 200 | X41: 52.8 | Y41: 41.4 | Z41: 3236 | AA41: 324 | AC41: 7.83 | AD41: 3236 | AE41: 324 | AF41: 7.83 | AH41: =MAX($D$18*100/$AC41,$D$17*100/$AF41)/200 -> 0.38314176 | AK41: =(($AK$2+Y41*Лист1!$B$7^2*Лист1!$G$8/100)/(AA41/10^6)+$AK$3/(AE41/10^6))/1000/($Q41*IF(Лист1!$J$19="да",1/1.05,1)) -> 0.10959074 | AN41: =(($AK$2+Y41*Лист1!$B$7^2*Лист1!$G$8/100)/(AA41/10^6)+$AK$3/(AE41/10^6))/1000/($Q41*IF(Лист1!$J$19="да",1/1.05,1)) -> 0.10959074 | AQ41: =MAX((5/384*($AQ$2+$Y41/100)*$D$17^4/(2.06*10^8*$Z41/10^8))/($D$17/300)*INDEX(Лист1!$L$34:$L$38,MATCH(Лист1!$B$8,Лист1!$I$34:$I$38,0),1),(5/384*($AQ$3)*$D$17^4/(2.06*10^8*$AD41/10^8))/($D$17/200)) -> 0.11695264 | AT41: =MAX((5/384*($AT$2+$Y41/100)*$D$17^4/(2.06*10^8*$Z41/10^8))/($D$17/300)*INDEX(Лист1!$L$34:$L$38,MATCH(Лист1!$B$8,Лист1!$I$34:$I$38,0),1),(5/384*($AT$3)*$D$17^4/(2.06*10^8*$AD41/10^8))/($D$17/200)) -> 0.063792348 | AV41: =IF(OR(MAX(AH41,AQ41)>1,AK41>Лист1!$B$20,N41="-"),999999999,Y41*Лист1!$B$7+0.0001*O41) -> 248.4038 | AX41: =IF(OR(MAX(AH41,AT41)>1,AN41>Лист1!$B$20,N41="-"),999999999,Y41*Лист1!$B$7+0.0001*O41) -> 248.4038
O42: =O41+1 -> 39 | P42: С245 | Q42: 240 | R42: кв.200х8 | S42: 200 | T42: 200 | X42: 59.8 | Y42: 46.9 | Z42: 3621 | AA42: 362 | AC42: 7.78 | AD42: 3621 | AE42: 362 | AF42: 7.78 | AH42: =MAX($D$18*100/$AC42,$D$17*100/$AF42)/200 -> 0.38560411 | AK42: =(($AK$2+Y42*Лист1!$B$7^2*Лист1!$G$8/100)/(AA42/10^6)+$AK$3/(AE42/10^6))/1000/($Q42*IF(Лист1!$J$19="да",1/1.05,1)) -> 0.1009355 | AN42: =(($AK$2+Y42*Лист1!$B$7^2*Лист1!$G$8/100)/(AA42/10^6)+$AK$3/(AE42/10^6))/1000/($Q42*IF(Лист1!$J$19="да",1/1.05,1)) -> 0.1009355 | AQ42: =MAX((5/384*($AQ$2+$Y42/100)*$D$17^4/(2.06*10^8*$Z42/10^8))/($D$17/300)*INDEX(Лист1!$L$34:$L$38,MATCH(Лист1!$B$8,Лист1!$I$34:$I$38,0),1),(5/384*($AQ$3)*$D$17^4/(2.06*10^8*$AD42/10^8))/($D$17/200)) -> 0.11073903 | AT42: =MAX((5/384*($AT$2+$Y42/100)*$D$17^4/(2.06*10^8*$Z42/10^8))/($D$17/300)*INDEX(Лист1!$L$34:$L$38,MATCH(Лист1!$B$8,Лист1!$I$34:$I$38,0),1),(5/384*($AT$3)*$D$17^4/(2.06*10^8*$AD42/10^8))/($D$17/200)) -> 0.063230971 | AV42: =IF(OR(MAX(AH42,AQ42)>1,AK42>Лист1!$B$20,N42="-"),999999999,Y42*Лист1!$B$7+0.0001*O42) -> 281.4039 | AX42: =IF(OR(MAX(AH42,AT42)>1,AN42>Лист1!$B$20,N42="-"),999999999,Y42*Лист1!$B$7+0.0001*O42) -> 281.4039
O43: =O42+1 -> 40 | P43: С245 | Q43: 240 | R43: кв.200х9 | S43: 200 | T43: 200 | X43: 66.7 | Y43: 52.3 | Z43: 3987 | AA43: 399 | AC43: 7.73 | AD43: 3987 | AE43: 399 | AF43: 7.73 | AH43: =MAX($D$18*100/$AC43,$D$17*100/$AF43)/200 -> 0.38809832 | AK43: =(($AK$2+Y43*Лист1!$B$7^2*Лист1!$G$8/100)/(AA43/10^6)+$AK$3/(AE43/10^6))/1000/($Q43*IF(Лист1!$J$19="да",1/1.05,1)) -> 0.094113159 | AN43: =(($AK$2+Y43*Лист1!$B$7^2*Лист1!$G$8/100)/(AA43/10^6)+$AK$3/(AE43/10^6))/1000/($Q43*IF(Лист1!$J$19="да",1/1.05,1)) -> 0.094113159 | AQ43: =MAX((5/384*($AQ$2+$Y43/100)*$D$17^4/(2.06*10^8*$Z43/10^8))/($D$17/300)*INDEX(Лист1!$L$34:$L$38,MATCH(Лист1!$B$8,Лист1!$I$34:$I$38,0),1),(5/384*($AQ$3)*$D$17^4/(2.06*10^8*$AD43/10^8))/($D$17/200)) -> 0.10612083 | AT43: =MAX((5/384*($AT$2+$Y43/100)*$D$17^4/(2.06*10^8*$Z43/10^8))/($D$17/300)*INDEX(Лист1!$L$34:$L$38,MATCH(Лист1!$B$8,Лист1!$I$34:$I$38,0),1),(5/384*($AT$3)*$D$17^4/(2.06*10^8*$AD43/10^8))/($D$17/200)) -> 0.062973931 | AV43: =IF(OR(MAX(AH43,AQ43)>1,AK43>Лист1!$B$20,N43="-"),999999999,Y43*Лист1!$B$7+0.0001*O43) -> 313.804 | AX43: =IF(OR(MAX(AH43,AT43)>1,AN43>Лист1!$B$20,N43="-"),999999999,Y43*Лист1!$B$7+0.0001*O43) -> 313.804
O44: =O43+1 -> 41 | P44: С245 | Q44: 240 | R44: кв.200х10 | S44: 200 | T44: 200 | X44: 73.4 | Y44: 57.6 | Z44: 4336 | AA44: 434 | AC44: 7.68 | AD44: 4336 | AE44: 434 | AF44: 7.68 | AH44: =MAX($D$18*100/$AC44,$D$17*100/$AF44)/200 -> 0.390625 | AK44: =(($AK$2+Y44*Лист1!$B$7^2*Лист1!$G$8/100)/(AA44/10^6)+$AK$3/(AE44/10^6))/1000/($Q44*IF(Лист1!$J$19="да",1/1.05,1)) -> 0.088813134 | AN44: =(($AK$2+Y44*Лист1!$B$7^2*Лист1!$G$8/100)/(AA44/10^6)+$AK$3/(AE44/10^6))/1000/($Q44*IF(Лист1!$J$19="да",1/1.05,1)) -> 0.088813134 | AQ44: =MAX((5/384*($AQ$2+$Y44/100)*$D$17^4/(2.06*10^8*$Z44/10^8))/($D$17/300)*INDEX(Лист1!$L$34:$L$38,MATCH(Лист1!$B$8,Лист1!$I$34:$I$38,0),1),(5/384*($AQ$3)*$D$17^4/(2.06*10^8*$AD44/10^8))/($D$17/200)) -> 0.10258577 | AT44: =MAX((5/384*($AT$2+$Y44/100)*$D$17^4/(2.06*10^8*$Z44/10^8))/($D$17/300)*INDEX(Лист1!$L$34:$L$38,MATCH(Лист1!$B$8,Лист1!$I$34:$I$38,0),1),(5/384*($AT$3)*$D$17^4/(2.06*10^8*$AD44/10^8))/($D$17/200)) -> 0.062911715 | AV44: =IF(OR(MAX(AH44,AQ44)>1,AK44>Лист1!$B$20,N44="-"),999999999,Y44*Лист1!$B$7+0.0001*O44) -> 345.6041 | AX44: =IF(OR(MAX(AH44,AT44)>1,AN44>Лист1!$B$20,N44="-"),999999999,Y44*Лист1!$B$7+0.0001*O44) -> 345.6041
O45: =O44+1 -> 42 | P45: С245 | Q45: 240 | R45: кв.200х11 | S45: 200 | T45: 200 | X45: 80 | Y45: 62.8 | Z45: 4667 | AA45: 467 | AC45: 7.64 | AD45: 4667 | AE45: 467 | AF45: 7.64 | AH45: =MAX($D$18*100/$AC45,$D$17*100/$AF45)/200 -> 0.39267016 | AK45: =(($AK$2+Y45*Лист1!$B$7^2*Лист1!$G$8/100)/(AA45/10^6)+$AK$3/(AE45/10^6))/1000/($Q45*IF(Лист1!$J$19="да",1/1.05,1)) -> 0.084625054 | AN45: =(($AK$2+Y45*Лист1!$B$7^2*Лист1!$G$8/100)/(AA45/10^6)+$AK$3/(AE45/10^6))/1000/($Q45*IF(Лист1!$J$19="да",1/1.05,1)) -> 0.084625054 | AQ45: =MAX((5/384*($AQ$2+$Y45/100)*$D$17^4/(2.06*10^8*$Z45/10^8))/($D$17/300)*INDEX(Лист1!$L$34:$L$38,MATCH(Лист1!$B$8,Лист1!$I$34:$I$38,0),1),(5/384*($AQ$3)*$D$17^4/(2.06*10^8*$AD45/10^8))/($D$17/200)) -> 0.099873674 | AT45: =MAX((5/384*($AT$2+$Y45/100)*$D$17^4/(2.06*10^8*$Z45/10^8))/($D$17/300)*INDEX(Лист1!$L$34:$L$38,MATCH(Лист1!$B$8,Лист1!$I$34:$I$38,0),1),(5/384*($AT$3)*$D$17^4/(2.06*10^8*$AD45/10^8))/($D$17/200)) -> 0.063013443 | AV45: =IF(OR(MAX(AH45,AQ45)>1,AK45>Лист1!$B$20,N45="-"),999999999,Y45*Лист1!$B$7+0.0001*O45) -> 376.8042 | AX45: =IF(OR(MAX(AH45,AT45)>1,AN45>Лист1!$B$20,N45="-"),999999999,Y45*Лист1!$B$7+0.0001*O45) -> 376.8042
O46: =O45+1 -> 43 | P46: С245 | Q46: 240 | R46: кв.200х12 | S46: 200 | T46: 200 | X46: 86.5 | Y46: 67 | Z46: 4980 | AA46: 498 | AC46: 7.59 | AD46: 4980 | AE46: 498 | AF46: 7.59 | AH46: =MAX($D$18*100/$AC46,$D$17*100/$AF46)/200 -> 0.39525692 | AK46: =(($AK$2+Y46*Лист1!$B$7^2*Лист1!$G$8/100)/(AA46/10^6)+$AK$3/(AE46/10^6))/1000/($Q46*IF(Лист1!$J$19="да",1/1.05,1)) -> 0.080938555 | AN46: =(($AK$2+Y46*Лист1!$B$7^2*Лист1!$G$8/100)/(AA46/10^6)+$AK$3/(AE46/10^6))/1000/($Q46*IF(Лист1!$J$19="да",1/1.05,1)) -> 0.080938555 | AQ46: =MAX((5/384*($AQ$2+$Y46/100)*$D$17^4/(2.06*10^8*$Z46/10^8))/($D$17/300)*INDEX(Лист1!$L$34:$L$38,MATCH(Лист1!$B$8,Лист1!$I$34:$I$38,0),1),(5/384*($AQ$3)*$D$17^4/(2.06*10^8*$AD46/10^8))/($D$17/200)) -> 0.097050825 | AT46: =MAX((5/384*($AT$2+$Y46/100)*$D$17^4/(2.06*10^8*$Z46/10^8))/($D$17/300)*INDEX(Лист1!$L$34:$L$38,MATCH(Лист1!$B$8,Лист1!$I$34:$I$38,0),1),(5/384*($AT$3)*$D$17^4/(2.06*10^8*$AD46/10^8))/($D$17/200)) -> 0.062507311 | AV46: =IF(OR(MAX(AH46,AQ46)>1,AK46>Лист1!$B$20,N46="-"),999999999,Y46*Лист1!$B$7+0.0001*O46) -> 402.0043 | AX46: =IF(OR(MAX(AH46,AT46)>1,AN46>Лист1!$B$20,N46="-"),999999999,Y46*Лист1!$B$7+0.0001*O46) -> 402.0043
O47: =O46+1 -> 44 | P47: С245 | Q47: 240 | R47: кв.200х13 | S47: 200 | T47: 200 | X47: 92.9 | Y47: 72.9 | Z47: 4685 | AA47: 527 | AC47: 7.54 | AD47: 4685 | AE47: 527 | AF47: 7.54 | AH47: =MAX($D$18*100/$AC47,$D$17*100/$AF47)/200 -> 0.39787798 | AK47: =(($AK$2+Y47*Лист1!$B$7^2*Лист1!$G$8/100)/(AA47/10^6)+$AK$3/(AE47/10^6))/1000/($Q47*IF(Лист1!$J$19="да",1/1.05,1)) -> 0.078583777 | AN47: =(($AK$2+Y47*Лист1!$B$7^2*Лист1!$G$8/100)/(AA47/10^6)+$AK$3/(AE47/10^6))/1000/($Q47*IF(Лист1!$J$19="да",1/1.05,1)) -> 0.078583777 | AQ47: =MAX((5/384*($AQ$2+$Y47/100)*$D$17^4/(2.06*10^8*$Z47/10^8))/($D$17/300)*INDEX(Лист1!$L$34:$L$38,MATCH(Лист1!$B$8,Лист1!$I$34:$I$38,0),1),(5/384*($AQ$3)*$D$17^4/(2.06*10^8*$AD47/10^8))/($D$17/200)) -> 0.10831991 | AT47: =MAX((5/384*($AT$2+$Y47/100)*$D$17^4/(2.06*10^8*$Z47/10^8))/($D$17/300)*INDEX(Лист1!$L$34:$L$38,MATCH(Лист1!$B$8,Лист1!$I$34:$I$38,0),1),(5/384*($AT$3)*$D$17^4/(2.06*10^8*$AD47/10^8))/($D$17/200)) -> 0.071601294 | AV47: =IF(OR(MAX(AH47,AQ47)>1,AK47>Лист1!$B$20,N47="-"),999999999,Y47*Лист1!$B$7+0.0001*O47) -> 437.4044 | AX47: =IF(OR(MAX(AH47,AT47)>1,AN47>Лист1!$B$20,N47="-"),999999999,Y47*Лист1!$B$7+0.0001*O47) -> 437.4044
O48: =O47+1 -> 45 | P48: С245 | Q48: 240 | R48: кв.200х14 | S48: 200 | T48: 200 | X48: 99.2 | Y48: 77.9 | Z48: 4408 | AA48: 554 | AC48: 7.49 | AD48: 4408 | AE48: 554 | AF48: 7.49 | AH48: =MAX($D$18*100/$AC48,$D$17*100/$AF48)/200 -> 0.40053405 | AK48: =(($AK$2+Y48*Лист1!$B$7^2*Лист1!$G$8/100)/(AA48/10^6)+$AK$3/(AE48/10^6))/1000/($Q48*IF(Лист1!$J$19="да",1/1.05,1)) -> 0.07644612 | AN48: =(($AK$2+Y48*Лист1!$B$7^2*Лист1!$G$8/100)/(AA48/10^6)+$AK$3/(AE48/10^6))/1000/($Q48*IF(Лист1!$J$19="да",1/1.05,1)) -> 0.07644612 | AQ48: =MAX((5/384*($AQ$2+$Y48/100)*$D$17^4/(2.06*10^8*$Z48/10^8))/($D$17/300)*INDEX(Лист1!$L$34:$L$38,MATCH(Лист1!$B$8,Лист1!$I$34:$I$38,0),1),(5/384*($AQ$3)*$D$17^4/(2.06*10^8*$AD48/10^8))/($D$17/200)) -> 0.11977272 | AT48: =MAX((5/384*($AT$2+$Y48/100)*$D$17^4/(2.06*10^8*$Z48/10^8))/($D$17/300)*INDEX(Лист1!$L$34:$L$38,MATCH(Лист1!$B$8,Лист1!$I$34:$I$38,0),1),(5/384*($AT$3)*$D$17^4/(2.06*10^8*$AD48/10^8))/($D$17/200)) -> 0.080746695 | AV48: =IF(OR(MAX(AH48,AQ48)>1,AK48>Лист1!$B$20,N48="-"),999999999,Y48*Лист1!$B$7+0.0001*O48) -> 467.4045 | AX48: =IF(OR(MAX(AH48,AT48)>1,AN48>Лист1!$B$20,N48="-"),999999999,Y48*Лист1!$B$7+0.0001*O48) -> 467.4045
O49: =O48+1 -> 46 | P49: С245 | Q49: 240 | R49: кв.250х8 | S49: 250 | T49: 250 | X49: 75.8 | Y49: 59.5 | Z49: 7315 | AA49: 585 | AC49: 9.82 | AD49: 7315 | AE49: 585 | AF49: 9.82 | AH49: =MAX($D$18*100/$AC49,$D$17*100/$AF49)/200 -> 0.30549898 | AK49: =(($AK$2+Y49*Лист1!$B$7^2*Лист1!$G$8/100)/(AA49/10^6)+$AK$3/(AE49/10^6))/1000/($Q49*IF(Лист1!$J$19="да",1/1.05,1)) -> 0.066497693 | AN49: =(($AK$2+Y49*Лист1!$B$7^2*Лист1!$G$8/100)/(AA49/10^6)+$AK$3/(AE49/10^6))/1000/($Q49*IF(Лист1!$J$19="да",1/1.05,1)) -> 0.066497693 | AQ49: =MAX((5/384*($AQ$2+$Y49/100)*$D$17^4/(2.06*10^8*$Z49/10^8))/($D$17/300)*INDEX(Лист1!$L$34:$L$38,MATCH(Лист1!$B$8,Лист1!$I$34:$I$38,0),1),(5/384*($AQ$3)*$D$17^4/(2.06*10^8*$AD49/10^8))/($D$17/200)) -> 0.061872051 | AT49: =MAX((5/384*($AT$2+$Y49/100)*$D$17^4/(2.06*10^8*$Z49/10^8))/($D$17/300)*INDEX(Лист1!$L$34:$L$38,MATCH(Лист1!$B$8,Лист1!$I$34:$I$38,0),1),(5/384*($AT$3)*$D$17^4/(2.06*10^8*$AD49/10^8))/($D$17/200)) -> 0.038355072 | AV49: =IF(OR(MAX(AH49,AQ49)>1,AK49>Лист1!$B$20,N49="-"),999999999,Y49*Лист1!$B$7+0.0001*O49) -> 357.0046 | AX49: =IF(OR(MAX(AH49,AT49)>1,AN49>Лист1!$B$20,N49="-"),999999999,Y49*Лист1!$B$7+0.0001*O49) -> 357.0046
N50: - | O50: =O49+1 -> 47 | P50: С245 | Q50: 240 | R50: кв.250х9 | S50: 250 | T50: 250 | X50: 84.7 | Y50: 66.5 | Z50: 8092 | AA50: 647 | AC50: 9.78 | AD50: 8092 | AE50: 647 | AF50: 9.78 | AH50: =MAX($D$18*100/$AC50,$D$17*100/$AF50)/200 -> 0.30674847 | AK50: =(($AK$2+Y50*Лист1!$B$7^2*Лист1!$G$8/100)/(AA50/10^6)+$AK$3/(AE50/10^6))/1000/($Q50*IF(Лист1!$J$19="да",1/1.05,1)) -> 0.062154019 | AN50: =(($AK$2+Y50*Лист1!$B$7^2*Лист1!$G$8/100)/(AA50/10^6)+$AK$3/(AE50/10^6))/1000/($Q50*IF(Лист1!$J$19="да",1/1.05,1)) -> 0.062154019 | AQ50: =MAX((5/384*($AQ$2+$Y50/100)*$D$17^4/(2.06*10^8*$Z50/10^8))/($D$17/300)*INDEX(Лист1!$L$34:$L$38,MATCH(Лист1!$B$8,Лист1!$I$34:$I$38,0),1),(5/384*($AQ$3)*$D$17^4/(2.06*10^8*$AD50/10^8))/($D$17/200)) -> 0.059474193 | AT50: =MAX((5/384*($AT$2+$Y50/100)*$D$17^4/(2.06*10^8*$Z50/10^8))/($D$17/300)*INDEX(Лист1!$L$34:$L$38,MATCH(Лист1!$B$8,Лист1!$I$34:$I$38,0),1),(5/384*($AT$3)*$D$17^4/(2.06*10^8*$AD50/10^8))/($D$17/200)) -> 0.038215333 | AV50: =IF(OR(MAX(AH50,AQ50)>1,AK50>Лист1!$B$20,N50="-"),999999999,Y50*Лист1!$B$7+0.0001*O50) -> 999999999 | AX50: =IF(OR(MAX(AH50,AT50)>1,AN50>Лист1!$B$20,N50="-"),999999999,Y50*Лист1!$B$7+0.0001*O50) -> 999999999
O51: =O50+1 -> 48 | P51: С245 | Q51: 240 | R51: кв.250х10 | S51: 250 | T51: 250 | X51: 93.4 | Y51: 73.3 | Z51: 8840 | AA51: 707 | AC51: 9.73 | AD51: 8840 | AE51: 707 | AF51: 9.73 | AH51: =MAX($D$18*100/$AC51,$D$17*100/$AF51)/200 -> 0.30832477 | AK51: =(($AK$2+Y51*Лист1!$B$7^2*Лист1!$G$8/100)/(AA51/10^6)+$AK$3/(AE51/10^6))/1000/($Q51*IF(Лист1!$J$19="да",1/1.05,1)) -> 0.058682674 | AN51: =(($AK$2+Y51*Лист1!$B$7^2*Лист1!$G$8/100)/(AA51/10^6)+$AK$3/(AE51/10^6))/1000/($Q51*IF(Лист1!$J$19="да",1/1.05,1)) -> 0.058682674 | AQ51: =MAX((5/384*($AQ$2+$Y51/100)*$D$17^4/(2.06*10^8*$Z51/10^8))/($D$17/300)*INDEX(Лист1!$L$34:$L$38,MATCH(Лист1!$B$8,Лист1!$I$34:$I$38,0),1),(5/384*($AQ$3)*$D$17^4/(2.06*10^8*$AD51/10^8))/($D$17/200)) -> 0.057592433 | AT51: =MAX((5/384*($AT$2+$Y51/100)*$D$17^4/(2.06*10^8*$Z51/10^8))/($D$17/300)*INDEX(Лист1!$L$34:$L$38,MATCH(Лист1!$B$8,Лист1!$I$34:$I$38,0),1),(5/384*($AT$3)*$D$17^4/(2.06*10^8*$AD51/10^8))/($D$17/200)) -> 0.0381324 | AV51: =IF(OR(MAX(AH51,AQ51)>1,AK51>Лист1!$B$20,N51="-"),999999999,Y51*Лист1!$B$7+0.0001*O51) -> 439.8048 | AX51: =IF(OR(MAX(AH51,AT51)>1,AN51>Лист1!$B$20,N51="-"),999999999,Y51*Лист1!$B$7+0.0001*O51) -> 439.8048
N52: - | O52: =O51+1 -> 49 | P52: С245 | Q52: 240 | R52: кв.250х11 | S52: 250 | T52: 250 | X52: 102 | Y52: 80.1 | Z52: 9559 | AA52: 765 | AC52: 9.68 | AD52: 9559 | AE52: 765 | AF52: 9.68 | AH52: =MAX($D$18*100/$AC52,$D$17*100/$AF52)/200 -> 0.30991736 | AK52: =(($AK$2+Y52*Лист1!$B$7^2*Лист1!$G$8/100)/(AA52/10^6)+$AK$3/(AE52/10^6))/1000/($Q52*IF(Лист1!$J$19="да",1/1.05,1)) -> 0.055900197 | AN52: =(($AK$2+Y52*Лист1!$B$7^2*Лист1!$G$8/100)/(AA52/10^6)+$AK$3/(AE52/10^6))/1000/($Q52*IF(Лист1!$J$19="да",1/1.05,1)) -> 0.055900197 | AQ52: =MAX((5/384*($AQ$2+$Y52/100)*$D$17^4/(2.06*10^8*$Z52/10^8))/($D$17/300)*INDEX(Лист1!$L$34:$L$38,MATCH(Лист1!$B$8,Лист1!$I$34:$I$38,0),1),(5/384*($AQ$3)*$D$17^4/(2.06*10^8*$AD52/10^8))/($D$17/200)) -> 0.056174187 | AT52: =MAX((5/384*($AT$2+$Y52/100)*$D$17^4/(2.06*10^8*$Z52/10^8))/($D$17/300)*INDEX(Лист1!$L$34:$L$38,MATCH(Лист1!$B$8,Лист1!$I$34:$I$38,0),1),(5/384*($AT$3)*$D$17^4/(2.06*10^8*$AD52/10^8))/($D$17/200)) -> 0.03817788 | AV52: =IF(OR(MAX(AH52,AQ52)>1,AK52>Лист1!$B$20,N52="-"),999999999,Y52*Лист1!$B$7+0.0001*O52) -> 999999999 | AX52: =IF(OR(MAX(AH52,AT52)>1,AN52>Лист1!$B$20,N52="-"),999999999,Y52*Лист1!$B$7+0.0001*O52) -> 999999999
O53: =O52+1 -> 50 | P53: С245 | Q53: 240 | R53: кв.250х12 | S53: 250 | T53: 250 | X53: 111 | Y53: 86.8 | Z53: 10251 | AA53: 820 | AC53: 9.63 | AD53: 10251 | AE53: 820 | AF53: 9.63 | AH53: =MAX($D$18*100/$AC53,$D$17*100/$AF53)/200 -> 0.31152648 | AK53: =(($AK$2+Y53*Лист1!$B$7^2*Лист1!$G$8/100)/(AA53/10^6)+$AK$3/(AE53/10^6))/1000/($Q53*IF(Лист1!$J$19="да",1/1.05,1)) -> 0.053682805 | AN53: =(($AK$2+Y53*Лист1!$B$7^2*Лист1!$G$8/100)/(AA53/10^6)+$AK$3/(AE53/10^6))/1000/($Q53*IF(Лист1!$J$19="да",1/1.05,1)) -> 0.053682805 | AQ53: =MAX((5/384*($AQ$2+$Y53/100)*$D$17^4/(2.06*10^8*$Z53/10^8))/($D$17/300)*INDEX(Лист1!$L$34:$L$38,MATCH(Лист1!$B$8,Лист1!$I$34:$I$38,0),1),(5/384*($AQ$3)*$D$17^4/(2.06*10^8*$AD53/10^8))/($D$17/200)) -> 0.055059156 | AT53: =MAX((5/384*($AT$2+$Y53/100)*$D$17^4/(2.06*10^8*$Z53/10^8))/($D$17/300)*INDEX(Лист1!$L$34:$L$38,MATCH(Лист1!$B$8,Лист1!$I$34:$I$38,0),1),(5/384*($AT$3)*$D$17^4/(2.06*10^8*$AD53/10^8))/($D$17/200)) -> 0.038277701 | AV53: =IF(OR(MAX(AH53,AQ53)>1,AK53>Лист1!$B$20,N53="-"),999999999,Y53*Лист1!$B$7+0.0001*O53) -> 520.805 | AX53: =IF(OR(MAX(AH53,AT53)>1,AN53>Лист1!$B$20,N53="-"),999999999,Y53*Лист1!$B$7+0.0001*O53) -> 520.805
N54: - | O54: =O53+1 -> 51 | P54: С245 | Q54: 240 | R54: кв.250х13 | S54: 250 | T54: 250 | X54: 119 | Y54: 93.4 | Z54: 10917 | AA54: 872 | AC54: 9.58 | AD54: 10917 | AE54: 872 | AF54: 9.58 | AH54: =MAX($D$18*100/$AC54,$D$17*100/$AF54)/200 -> 0.3131524 | AK54: =(($AK$2+Y54*Лист1!$B$7^2*Лист1!$G$8/100)/(AA54/10^6)+$AK$3/(AE54/10^6))/1000/($Q54*IF(Лист1!$J$19="да",1/1.05,1)) -> 0.051900688 | AN54: =(($AK$2+Y54*Лист1!$B$7^2*Лист1!$G$8/100)/(AA54/10^6)+$AK$3/(AE54/10^6))/1000/($Q54*IF(Лист1!$J$19="да",1/1.05,1)) -> 0.051900688 | AQ54: =MAX((5/384*($AQ$2+$Y54/100)*$D$17^4/(2.06*10^8*$Z54/10^8))/($D$17/300)*INDEX(Лист1!$L$34:$L$38,MATCH(Лист1!$B$8,Лист1!$I$34:$I$38,0),1),(5/384*($AQ$3)*$D$17^4/(2.06*10^8*$AD54/10^8))/($D$17/200)) -> 0.054176438 | AT54: =MAX((5/384*($AT$2+$Y54/100)*$D$17^4/(2.06*10^8*$Z54/10^8))/($D$17/300)*INDEX(Лист1!$L$34:$L$38,MATCH(Лист1!$B$8,Лист1!$I$34:$I$38,0),1),(5/384*($AT$3)*$D$17^4/(2.06*10^8*$AD54/10^8))/($D$17/200)) -> 0.038418748 | AV54: =IF(OR(MAX(AH54,AQ54)>1,AK54>Лист1!$B$20,N54="-"),999999999,Y54*Лист1!$B$7+0.0001*O54) -> 999999999 | AX54: =IF(OR(MAX(AH54,AT54)>1,AN54>Лист1!$B$20,N54="-"),999999999,Y54*Лист1!$B$7+0.0001*O54) -> 999999999
N55: - | O55: =O54+1 -> 52 | P55: С245 | Q55: 240 | R55: кв.250х14 | S55: 250 | T55: 250 | X55: 127 | Y55: 99.8 | Z55: 11550 | AA55: 924 | AC55: 9.53 | AD55: 11550 | AE55: 924 | AF55: 9.53 | AH55: =MAX($D$18*100/$AC55,$D$17*100/$AF55)/200 -> 0.31479538 | AK55: =(($AK$2+Y55*Лист1!$B$7^2*Лист1!$G$8/100)/(AA55/10^6)+$AK$3/(AE55/10^6))/1000/($Q55*IF(Лист1!$J$19="да",1/1.05,1)) -> 0.050278572 | AN55: =(($AK$2+Y55*Лист1!$B$7^2*Лист1!$G$8/100)/(AA55/10^6)+$AK$3/(AE55/10^6))/1000/($Q55*IF(Лист1!$J$19="да",1/1.05,1)) -> 0.050278572 | AQ55: =MAX((5/384*($AQ$2+$Y55/100)*$D$17^4/(2.06*10^8*$Z55/10^8))/($D$17/300)*INDEX(Лист1!$L$34:$L$38,MATCH(Лист1!$B$8,Лист1!$I$34:$I$38,0),1),(5/384*($AQ$3)*$D$17^4/(2.06*10^8*$AD55/10^8))/($D$17/200)) -> 0.053476863 | AT55: =MAX((5/384*($AT$2+$Y55/100)*$D$17^4/(2.06*10^8*$Z55/10^8))/($D$17/300)*INDEX(Лист1!$L$34:$L$38,MATCH(Лист1!$B$8,Лист1!$I$34:$I$38,0),1),(5/384*($AT$3)*$D$17^4/(2.06*10^8*$AD55/10^8))/($D$17/200)) -> 0.038582776 | AV55: =IF(OR(MAX(AH55,AQ55)>1,AK55>Лист1!$B$20,N55="-"),999999999,Y55*Лист1!$B$7+0.0001*O55) -> 999999999 | AX55: =IF(OR(MAX(AH55,AT55)>1,AN55>Лист1!$B$20,N55="-"),999999999,Y55*Лист1!$B$7+0.0001*O55) -> 999999999
O56: =O55+1 -> 53 | P56: С245 | Q56: 240 | R56: кв.300х8 | S56: 300 | T56: 300 | X56: 89.9 | Y56: 70.5 | Z56: 12812 | AA56: 846 | AC56: 11.94 | AD56: 12812 | AE56: 846 | AF56: 11.94 | AH56: =MAX($D$18*100/$AC56,$D$17*100/$AF56)/200 -> 0.25125628 | AK56: =(($AK$2+Y56*Лист1!$B$7^2*Лист1!$G$8/100)/(AA56/10^6)+$AK$3/(AE56/10^6))/1000/($Q56*IF(Лист1!$J$19="да",1/1.05,1)) -> 0.04842039 | AN56: =(($AK$2+Y56*Лист1!$B$7^2*Лист1!$G$8/100)/(AA56/10^6)+$AK$3/(AE56/10^6))/1000/($Q56*IF(Лист1!$J$19="да",1/1.05,1)) -> 0.04842039 | AQ56: =MAX((5/384*($AQ$2+$Y56/100)*$D$17^4/(2.06*10^8*$Z56/10^8))/($D$17/300)*INDEX(Лист1!$L$34:$L$38,MATCH(Лист1!$B$8,Лист1!$I$34:$I$38,0),1),(5/384*($AQ$3)*$D$17^4/(2.06*10^8*$AD56/10^8))/($D$17/200)) -> 0.038842387 | AT56: =MAX((5/384*($AT$2+$Y56/100)*$D$17^4/(2.06*10^8*$Z56/10^8))/($D$17/300)*INDEX(Лист1!$L$34:$L$38,MATCH(Лист1!$B$8,Лист1!$I$34:$I$38,0),1),(5/384*($AT$3)*$D$17^4/(2.06*10^8*$AD56/10^8))/($D$17/200)) -> 0.025415389 | AV56: =IF(OR(MAX(AH56,AQ56)>1,AK56>Лист1!$B$20,N56="-"),999999999,Y56*Лист1!$B$7+0.0001*O56) -> 423.0053 | AX56: =IF(OR(MAX(AH56,AT56)>1,AN56>Лист1!$B$20,N56="-"),999999999,Y56*Лист1!$B$7+0.0001*O56) -> 423.0053
N57: - | O57: =O56+1 -> 54 | P57: С245 | Q57: 240 | R57: кв.300х9 | S57: 300 | T57: 300 | X57: 101 | Y57: 79.3 | Z57: 14302 | AA57: 949 | AC57: 11.9 | AD57: 14302 | AE57: 949 | AF57: 11.9 | AH57: =MAX($D$18*100/$AC57,$D$17*100/$AF57)/200 -> 0.25210084 | AK57: =(($AK$2+Y57*Лист1!$B$7^2*Лист1!$G$8/100)/(AA57/10^6)+$AK$3/(AE57/10^6))/1000/($Q57*IF(Лист1!$J$19="да",1/1.05,1)) -> 0.044903741 | AN57: =(($AK$2+Y57*Лист1!$B$7^2*Лист1!$G$8/100)/(AA57/10^6)+$AK$3/(AE57/10^6))/1000/($Q57*IF(Лист1!$J$19="да",1/1.05,1)) -> 0.044903741 | AQ57: =MAX((5/384*($AQ$2+$Y57/100)*$D$17^4/(2.06*10^8*$Z57/10^8))/($D$17/300)*INDEX(Лист1!$L$34:$L$38,MATCH(Лист1!$B$8,Лист1!$I$34:$I$38,0),1),(5/384*($AQ$3)*$D$17^4/(2.06*10^8*$AD57/10^8))/($D$17/200)) -> 0.037315925 | AT57: =MAX((5/384*($AT$2+$Y57/100)*$D$17^4/(2.06*10^8*$Z57/10^8))/($D$17/300)*INDEX(Лист1!$L$34:$L$38,MATCH(Лист1!$B$8,Лист1!$I$34:$I$38,0),1),(5/384*($AT$3)*$D$17^4/(2.06*10^8*$AD57/10^8))/($D$17/200)) -> 0.025287768 | AV57: =IF(OR(MAX(AH57,AQ57)>1,AK57>Лист1!$B$20,N57="-"),999999999,Y57*Лист1!$B$7+0.0001*O57) -> 999999999 | AX57: =IF(OR(MAX(AH57,AT57)>1,AN57>Лист1!$B$20,N57="-"),999999999,Y57*Лист1!$B$7+0.0001*O57) -> 999999999
O58: =O57+1 -> 55 | P58: С245 | Q58: 240 | R58: кв.300х10 | S58: 300 | T58: 300 | X58: 113 | Y58: 89 | Z58: 15712 | AA58: 1047 | AC58: 11.79 | AD58: 15712 | AE58: 1047 | AF58: 11.79 | AH58: =MAX($D$18*100/$AC58,$D$17*100/$AF58)/200 -> 0.25445293 | AK58: =(($AK$2+Y58*Лист1!$B$7^2*Лист1!$G$8/100)/(AA58/10^6)+$AK$3/(AE58/10^6))/1000/($Q58*IF(Лист1!$J$19="да",1/1.05,1)) -> 0.042437823 | AN58: =(($AK$2+Y58*Лист1!$B$7^2*Лист1!$G$8/100)/(AA58/10^6)+$AK$3/(AE58/10^6))/1000/($Q58*IF(Лист1!$J$19="да",1/1.05,1)) -> 0.042437823 | AQ58: =MAX((5/384*($AQ$2+$Y58/100)*$D$17^4/(2.06*10^8*$Z58/10^8))/($D$17/300)*INDEX(Лист1!$L$34:$L$38,MATCH(Лист1!$B$8,Лист1!$I$34:$I$38,0),1),(5/384*($AQ$3)*$D$17^4/(2.06*10^8*$AD58/10^8))/($D$17/200)) -> 0.03649582 | AT58: =MAX((5/384*($AT$2+$Y58/100)*$D$17^4/(2.06*10^8*$Z58/10^8))/($D$17/300)*INDEX(Лист1!$L$34:$L$38,MATCH(Лист1!$B$8,Лист1!$I$34:$I$38,0),1),(5/384*($AT$3)*$D$17^4/(2.06*10^8*$AD58/10^8))/($D$17/200)) -> 0.025547074 | AV58: =IF(OR(MAX(AH58,AQ58)>1,AK58>Лист1!$B$20,N58="-"),999999999,Y58*Лист1!$B$7+0.0001*O58) -> 534.0055 | AX58: =IF(OR(MAX(AH58,AT58)>1,AN58>Лист1!$B$20,N58="-"),999999999,Y58*Лист1!$B$7+0.0001*O58) -> 534.0055
N59: - | O59: =O58+1 -> 56 | P59: С245 | Q59: 240 | R59: кв.300х11 | S59: 300 | T59: 300 | X59: 124 | Y59: 97.3 | Z59: 17080 | AA59: 1139 | AC59: 11.74 | AD59: 17080 | AE59: 1139 | AF59: 11.74 | AH59: =MAX($D$18*100/$AC59,$D$17*100/$AF59)/200 -> 0.25553663 | AK59: =(($AK$2+Y59*Лист1!$B$7^2*Лист1!$G$8/100)/(AA59/10^6)+$AK$3/(AE59/10^6))/1000/($Q59*IF(Лист1!$J$19="да",1/1.05,1)) -> 0.040376339 | AN59: =(($AK$2+Y59*Лист1!$B$7^2*Лист1!$G$8/100)/(AA59/10^6)+$AK$3/(AE59/10^6))/1000/($Q59*IF(Лист1!$J$19="да",1/1.05,1)) -> 0.040376339 | AQ59: =MAX((5/384*($AQ$2+$Y59/100)*$D$17^4/(2.06*10^8*$Z59/10^8))/($D$17/300)*INDEX(Лист1!$L$34:$L$38,MATCH(Лист1!$B$8,Лист1!$I$34:$I$38,0),1),(5/384*($AQ$3)*$D$17^4/(2.06*10^8*$AD59/10^8))/($D$17/200)) -> 0.03556312 | AT59: =MAX((5/384*($AT$2+$Y59/100)*$D$17^4/(2.06*10^8*$Z59/10^8))/($D$17/300)*INDEX(Лист1!$L$34:$L$38,MATCH(Лист1!$B$8,Лист1!$I$34:$I$38,0),1),(5/384*($AT$3)*$D$17^4/(2.06*10^8*$AD59/10^8))/($D$17/200)) -> 0.025491299 | AV59: =IF(OR(MAX(AH59,AQ59)>1,AK59>Лист1!$B$20,N59="-"),999999999,Y59*Лист1!$B$7+0.0001*O59) -> 999999999 | AX59: =IF(OR(MAX(AH59,AT59)>1,AN59>Лист1!$B$20,N59="-"),999999999,Y59*Лист1!$B$7+0.0001*O59) -> 999999999
O60: =O59+1 -> 57 | P60: С245 | Q60: 240 | R60: кв.300х12 | S60: 300 | T60: 300 | X60: 135 | Y60: 106 | Z60: 18330 | AA60: 1222 | AC60: 11.65 | AD60: 18330 | AE60: 1222 | AF60: 11.65 | AH60: =MAX($D$18*100/$AC60,$D$17*100/$AF60)/200 -> 0.25751073 | AK60: =(($AK$2+Y60*Лист1!$B$7^2*Лист1!$G$8/100)/(AA60/10^6)+$AK$3/(AE60/10^6))/1000/($Q60*IF(Лист1!$J$19="да",1/1.05,1)) -> 0.038968822 | AN60: =(($AK$2+Y60*Лист1!$B$7^2*Лист1!$G$8/100)/(AA60/10^6)+$AK$3/(AE60/10^6))/1000/($Q60*IF(Лист1!$J$19="да",1/1.05,1)) -> 0.038968822 | AQ60: =MAX((5/384*($AQ$2+$Y60/100)*$D$17^4/(2.06*10^8*$Z60/10^8))/($D$17/300)*INDEX(Лист1!$L$34:$L$38,MATCH(Лист1!$B$8,Лист1!$I$34:$I$38,0),1),(5/384*($AQ$3)*$D$17^4/(2.06*10^8*$AD60/10^8))/($D$17/200)) -> 0.035081952 | AT60: =MAX((5/384*($AT$2+$Y60/100)*$D$17^4/(2.06*10^8*$Z60/10^8))/($D$17/300)*INDEX(Лист1!$L$34:$L$38,MATCH(Лист1!$B$8,Лист1!$I$34:$I$38,0),1),(5/384*($AT$3)*$D$17^4/(2.06*10^8*$AD60/10^8))/($D$17/200)) -> 0.025696971 | AV60: =IF(OR(MAX(AH60,AQ60)>1,AK60>Лист1!$B$20,N60="-"),999999999,Y60*Лист1!$B$7+0.0001*O60) -> 636.0057 | AX60: =IF(OR(MAX(AH60,AT60)>1,AN60>Лист1!$B$20,N60="-"),999999999,Y60*Лист1!$B$7+0.0001*O60) -> 636.0057
N61: - | O61: =O60+1 -> 58 | P61: С245 | Q61: 240 | R61: кв.300х13 | S61: 300 | T61: 300 | X61: 145 | Y61: 113.8 | Z61: 19580 | AA61: 1309 | AC61: 11.62 | AD61: 19580 | AE61: 1309 | AF61: 11.62 | AH61: =MAX($D$18*100/$AC61,$D$17*100/$AF61)/200 -> 0.25817556 | AK61: =(($AK$2+Y61*Лист1!$B$7^2*Лист1!$G$8/100)/(AA61/10^6)+$AK$3/(AE61/10^6))/1000/($Q61*IF(Лист1!$J$19="да",1/1.05,1)) -> 0.037496104 | AN61: =(($AK$2+Y61*Лист1!$B$7^2*Лист1!$G$8/100)/(AA61/10^6)+$AK$3/(AE61/10^6))/1000/($Q61*IF(Лист1!$J$19="да",1/1.05,1)) -> 0.037496104 | AQ61: =MAX((5/384*($AQ$2+$Y61/100)*$D$17^4/(2.06*10^8*$Z61/10^8))/($D$17/300)*INDEX(Лист1!$L$34:$L$38,MATCH(Лист1!$B$8,Лист1!$I$34:$I$38,0),1),(5/384*($AQ$3)*$D$17^4/(2.06*10^8*$AD61/10^8))/($D$17/200)) -> 0.034473953 | AT61: =MAX((5/384*($AT$2+$Y61/100)*$D$17^4/(2.06*10^8*$Z61/10^8))/($D$17/300)*INDEX(Лист1!$L$34:$L$38,MATCH(Лист1!$B$8,Лист1!$I$34:$I$38,0),1),(5/384*($AT$3)*$D$17^4/(2.06*10^8*$AD61/10^8))/($D$17/200)) -> 0.025688115 | AV61: =IF(OR(MAX(AH61,AQ61)>1,AK61>Лист1!$B$20,N61="-"),999999999,Y61*Лист1!$B$7+0.0001*O61) -> 999999999 | AX61: =IF(OR(MAX(AH61,AT61)>1,AN61>Лист1!$B$20,N61="-"),999999999,Y61*Лист1!$B$7+0.0001*O61) -> 999999999
N62: - | O62: =O61+1 -> 59 | P62: С245 | Q62: 240 | R62: кв.300х14 | S62: 300 | T62: 300 | X62: 155 | Y62: 122 | Z62: 20784 | AA62: 1386 | AC62: 11.58 | AD62: 20784 | AE62: 1386 | AF62: 11.58 | AH62: =MAX($D$18*100/$AC62,$D$17*100/$AF62)/200 -> 0.25906736 | AK62: =(($AK$2+Y62*Лист1!$B$7^2*Лист1!$G$8/100)/(AA62/10^6)+$AK$3/(AE62/10^6))/1000/($Q62*IF(Лист1!$J$19="да",1/1.05,1)) -> 0.036522295 | AN62: =(($AK$2+Y62*Лист1!$B$7^2*Лист1!$G$8/100)/(AA62/10^6)+$AK$3/(AE62/10^6))/1000/($Q62*IF(Лист1!$J$19="да",1/1.05,1)) -> 0.036522295 | AQ62: =MAX((5/384*($AQ$2+$Y62/100)*$D$17^4/(2.06*10^8*$Z62/10^8))/($D$17/300)*INDEX(Лист1!$L$34:$L$38,MATCH(Лист1!$B$8,Лист1!$I$34:$I$38,0),1),(5/384*($AQ$3)*$D$17^4/(2.06*10^8*$AD62/10^8))/($D$17/200)) -> 0.034092868 | AT62: =MAX((5/384*($AT$2+$Y62/100)*$D$17^4/(2.06*10^8*$Z62/10^8))/($D$17/300)*INDEX(Лист1!$L$34:$L$38,MATCH(Лист1!$B$8,Лист1!$I$34:$I$38,0),1),(5/384*($AT$3)*$D$17^4/(2.06*10^8*$AD62/10^8))/($D$17/200)) -> 0.025815987 | AV62: =IF(OR(MAX(AH62,AQ62)>1,AK62>Лист1!$B$20,N62="-"),999999999,Y62*Лист1!$B$7+0.0001*O62) -> 999999999 | AX62: =IF(OR(MAX(AH62,AT62)>1,AN62>Лист1!$B$20,N62="-"),999999999,Y62*Лист1!$B$7+0.0001*O62) -> 999999999
O63: =O62+1 -> 60 | P63: С245 | Q63: 240 | R63: пр.60х40х2 | S63: 60 | T63: 60 | X63: 3.8 | Y63: 3 | Z63: 18.8 | AA63: 6.2 | AC63: 2.23 | AD63: 10 | AE63: 5 | AF63: 1.63 | AH63: =MAX($D$18*100/$AC63,$D$17*100/$AF63)/200 -> 1.8404908 | AK63: =(($AK$2+Y63*Лист1!$B$7^2*Лист1!$G$8/100)/(AA63/10^6)+$AK$3/(AE63/10^6))/1000/($Q63*IF(Лист1!$J$19="да",1/1.05,1)) -> 5.2651897 | AN63: =(($AK$2+Y63*Лист1!$B$7^2*Лист1!$G$8/100)/(AA63/10^6)+$AK$3/(AE63/10^6))/1000/($Q63*IF(Лист1!$J$19="да",1/1.05,1)) -> 5.2651897 | AQ63: =MAX((5/384*($AQ$2+$Y63/100)*$D$17^4/(2.06*10^8*$Z63/10^8))/($D$17/300)*INDEX(Лист1!$L$34:$L$38,MATCH(Лист1!$B$8,Лист1!$I$34:$I$38,0),1),(5/384*($AQ$3)*$D$17^4/(2.06*10^8*$AD63/10^8))/($D$17/200)) -> 26.315389 | AT63: =MAX((5/384*($AT$2+$Y63/100)*$D$17^4/(2.06*10^8*$Z63/10^8))/($D$17/300)*INDEX(Лист1!$L$34:$L$38,MATCH(Лист1!$B$8,Лист1!$I$34:$I$38,0),1),(5/384*($AT$3)*$D$17^4/(2.06*10^8*$AD63/10^8))/($D$17/200)) -> 15.663922 | AV63: =IF(OR(MAX(AH63,AQ63)>1,AK63>Лист1!$B$20,N63="-"),999999999,Y63*Лист1!$B$7+0.0001*O63) -> 999999999 | AX63: =IF(OR(MAX(AH63,AT63)>1,AN63>Лист1!$B$20,N63="-"),999999999,Y63*Лист1!$B$7+0.0001*O63) -> 999999999
N64: - | O64: =O63+1 -> 61 | P64: С245 | Q64: 240 | R64: пр.60х40х2,5 | S64: 60 | T64: 60 | X64: 4.7 | Y64: 3.6 | Z64: 22.4 | AA64: 7.4 | AC64: 2.2 | AD64: 11.8 | AE64: 5.9 | AF64: 1.6 | AH64: =MAX($D$18*100/$AC64,$D$17*100/$AF64)/200 -> 1.875 | AK64: =(($AK$2+Y64*Лист1!$B$7^2*Лист1!$G$8/100)/(AA64/10^6)+$AK$3/(AE64/10^6))/1000/($Q64*IF(Лист1!$J$19="да",1/1.05,1)) -> 4.4613436 | AN64: =(($AK$2+Y64*Лист1!$B$7^2*Лист1!$G$8/100)/(AA64/10^6)+$AK$3/(AE64/10^6))/1000/($Q64*IF(Лист1!$J$19="да",1/1.05,1)) -> 4.4613436 | AQ64: =MAX((5/384*($AQ$2+$Y64/100)*$D$17^4/(2.06*10^8*$Z64/10^8))/($D$17/300)*INDEX(Лист1!$L$34:$L$38,MATCH(Лист1!$B$8,Лист1!$I$34:$I$38,0),1),(5/384*($AQ$3)*$D$17^4/(2.06*10^8*$AD64/10^8))/($D$17/200)) -> 22.301177 | AT64: =MAX((5/384*($AT$2+$Y64/100)*$D$17^4/(2.06*10^8*$Z64/10^8))/($D$17/300)*INDEX(Лист1!$L$34:$L$38,MATCH(Лист1!$B$8,Лист1!$I$34:$I$38,0),1),(5/384*($AT$3)*$D$17^4/(2.06*10^8*$AD64/10^8))/($D$17/200)) -> 13.27451 | AV64: =IF(OR(MAX(AH64,AQ64)>1,AK64>Лист1!$B$20,N64="-"),999999999,Y64*Лист1!$B$7+0.0001*O64) -> 999999999 | AX64: =IF(OR(MAX(AH64,AT64)>1,AN64>Лист1!$B$20,N64="-"),999999999,Y64*Лист1!$B$7+0.0001*O64) -> 999999999
O65: =O64+1 -> 62 | P65: С245 | Q65: 240 | R65: пр.60х40х3 | S65: 60 | T65: 60 | X65: 5.5 | Y65: 4.3 | Z65: 26 | AA65: 8.6 | AC65: 2.18 | AD65: 13.7 | AE65: 6.8 | AF65: 1.58 | AH65: =MAX($D$18*100/$AC65,$D$17*100/$AF65)/200 -> 1.8987342 | AK65: =(($AK$2+Y65*Лист1!$B$7^2*Лист1!$G$8/100)/(AA65/10^6)+$AK$3/(AE65/10^6))/1000/($Q65*IF(Лист1!$J$19="да",1/1.05,1)) -> 3.8760883 | AN65: =(($AK$2+Y65*Лист1!$B$7^2*Лист1!$G$8/100)/(AA65/10^6)+$AK$3/(AE65/10^6))/1000/($Q65*IF(Лист1!$J$19="да",1/1.05,1)) -> 3.8760883 | AQ65: =MAX((5/384*($AQ$2+$Y65/100)*$D$17^4/(2.06*10^8*$Z65/10^8))/($D$17/300)*INDEX(Лист1!$L$34:$L$38,MATCH(Лист1!$B$8,Лист1!$I$34:$I$38,0),1),(5/384*($AQ$3)*$D$17^4/(2.06*10^8*$AD65/10^8))/($D$17/200)) -> 19.208313 | AT65: =MAX((5/384*($AT$2+$Y65/100)*$D$17^4/(2.06*10^8*$Z65/10^8))/($D$17/300)*INDEX(Лист1!$L$34:$L$38,MATCH(Лист1!$B$8,Лист1!$I$34:$I$38,0),1),(5/384*($AT$3)*$D$17^4/(2.06*10^8*$AD65/10^8))/($D$17/200)) -> 11.43352 | AV65: =IF(OR(MAX(AH65,AQ65)>1,AK65>Лист1!$B$20,N65="-"),999999999,Y65*Лист1!$B$7+0.0001*O65) -> 999999999 | AX65: =IF(OR(MAX(AH65,AT65)>1,AN65>Лист1!$B$20,N65="-"),999999999,Y65*Лист1!$B$7+0.0001*O65) -> 999999999
O66: =O65+1 -> 63 | P66: С245 | Q66: 240 | R66: пр.60х40х4 | S66: 60 | T66: 60 | X66: 7.1 | Y66: 5.5 | Z66: 32.2 | AA66: 10.7 | AC66: 2.13 | AD66: 16.7 | AE66: 8.3 | AF66: 1.54 | AH66: =MAX($D$18*100/$AC66,$D$17*100/$AF66)/200 -> 1.9480519 | AK66: =(($AK$2+Y66*Лист1!$B$7^2*Лист1!$G$8/100)/(AA66/10^6)+$AK$3/(AE66/10^6))/1000/($Q66*IF(Лист1!$J$19="да",1/1.05,1)) -> 3.1776805 | AN66: =(($AK$2+Y66*Лист1!$B$7^2*Лист1!$G$8/100)/(AA66/10^6)+$AK$3/(AE66/10^6))/1000/($Q66*IF(Лист1!$J$19="да",1/1.05,1)) -> 3.1776805 | AQ66: =MAX((5/384*($AQ$2+$Y66/100)*$D$17^4/(2.06*10^8*$Z66/10^8))/($D$17/300)*INDEX(Лист1!$L$34:$L$38,MATCH(Лист1!$B$8,Лист1!$I$34:$I$38,0),1),(5/384*($AQ$3)*$D$17^4/(2.06*10^8*$AD66/10^8))/($D$17/200)) -> 15.757718 | AT66: =MAX((5/384*($AT$2+$Y66/100)*$D$17^4/(2.06*10^8*$Z66/10^8))/($D$17/300)*INDEX(Лист1!$L$34:$L$38,MATCH(Лист1!$B$8,Лист1!$I$34:$I$38,0),1),(5/384*($AT$3)*$D$17^4/(2.06*10^8*$AD66/10^8))/($D$17/200)) -> 9.379594 | AV66: =IF(OR(MAX(AH66,AQ66)>1,AK66>Лист1!$B$20,N66="-"),999999999,Y66*Лист1!$B$7+0.0001*O66) -> 999999999 | AX66: =IF(OR(MAX(AH66,AT66)>1,AN66>Лист1!$B$20,N66="-"),999999999,Y66*Лист1!$B$7+0.0001*O66) -> 999999999
O67: =O66+1 -> 64 | P67: С245 | Q67: 240 | R67: пр.60х40х5 | S67: 60 | T67: 60 | X67: 8.6 | Y67: 6.7 | Z67: 37.1 | AA67: 12.3 | AC67: 2.08 | AD67: 19.1 | AE67: 9.5 | AF67: 1.49 | AH67: =MAX($D$18*100/$AC67,$D$17*100/$AF67)/200 -> 2.0134228 | AK67: =(($AK$2+Y67*Лист1!$B$7^2*Лист1!$G$8/100)/(AA67/10^6)+$AK$3/(AE67/10^6))/1000/($Q67*IF(Лист1!$J$19="да",1/1.05,1)) -> 2.7908143 | AN67: =(($AK$2+Y67*Лист1!$B$7^2*Лист1!$G$8/100)/(AA67/10^6)+$AK$3/(AE67/10^6))/1000/($Q67*IF(Лист1!$J$19="да",1/1.05,1)) -> 2.7908143 | AQ67: =MAX((5/384*($AQ$2+$Y67/100)*$D$17^4/(2.06*10^8*$Z67/10^8))/($D$17/300)*INDEX(Лист1!$L$34:$L$38,MATCH(Лист1!$B$8,Лист1!$I$34:$I$38,0),1),(5/384*($AQ$3)*$D$17^4/(2.06*10^8*$AD67/10^8))/($D$17/200)) -> 13.777691 | AT67: =MAX((5/384*($AT$2+$Y67/100)*$D$17^4/(2.06*10^8*$Z67/10^8))/($D$17/300)*INDEX(Лист1!$L$34:$L$38,MATCH(Лист1!$B$8,Лист1!$I$34:$I$38,0),1),(5/384*($AT$3)*$D$17^4/(2.06*10^8*$AD67/10^8))/($D$17/200)) -> 8.2010063 | AV67: =IF(OR(MAX(AH67,AQ67)>1,AK67>Лист1!$B$20,N67="-"),999999999,Y67*Лист1!$B$7+0.0001*O67) -> 999999999 | AX67: =IF(OR(MAX(AH67,AT67)>1,AN67>Лист1!$B$20,N67="-"),999999999,Y67*Лист1!$B$7+0.0001*O67) -> 999999999
O68: =O67+1 -> 65 | P68: С245 | Q68: 240 | R68: пр.100х60х3 | S68: 100 | T68: 100 | X68: 9.2 | Y68: 7.2 | Z68: 123.2 | AA68: 24.6 | AC68: 3.66 | AD68: 55.6 | AE68: 18.5 | AF68: 2.46 | AH68: =MAX($D$18*100/$AC68,$D$17*100/$AF68)/200 -> 1.2195122 | AK68: =(($AK$2+Y68*Лист1!$B$7^2*Лист1!$G$8/100)/(AA68/10^6)+$AK$3/(AE68/10^6))/1000/($Q68*IF(Лист1!$J$19="да",1/1.05,1)) -> 1.4249221 | AN68: =(($AK$2+Y68*Лист1!$B$7^2*Лист1!$G$8/100)/(AA68/10^6)+$AK$3/(AE68/10^6))/1000/($Q68*IF(Лист1!$J$19="да",1/1.05,1)) -> 1.4249221 | AQ68: =MAX((5/384*($AQ$2+$Y68/100)*$D$17^4/(2.06*10^8*$Z68/10^8))/($D$17/300)*INDEX(Лист1!$L$34:$L$38,MATCH(Лист1!$B$8,Лист1!$I$34:$I$38,0),1),(5/384*($AQ$3)*$D$17^4/(2.06*10^8*$AD68/10^8))/($D$17/200)) -> 4.7329836 | AT68: =MAX((5/384*($AT$2+$Y68/100)*$D$17^4/(2.06*10^8*$Z68/10^8))/($D$17/300)*INDEX(Лист1!$L$34:$L$38,MATCH(Лист1!$B$8,Лист1!$I$34:$I$38,0),1),(5/384*($AT$3)*$D$17^4/(2.06*10^8*$AD68/10^8))/($D$17/200)) -> 2.8172521 | AV68: =IF(OR(MAX(AH68,AQ68)>1,AK68>Лист1!$B$20,N68="-"),999999999,Y68*Лист1!$B$7+0.0001*O68) -> 999999999 | AX68: =IF(OR(MAX(AH68,AT68)>1,AN68>Лист1!$B$20,N68="-"),999999999,Y68*Лист1!$B$7+0.0001*O68) -> 999999999
O69: =O68+1 -> 66 | P69: С245 | Q69: 240 | R69: пр.100х60х4 | S69: 100 | T69: 100 | X69: 12.2 | Y69: 9.6 | Z69: 157.6 | AA69: 31.5 | AC69: 3.59 | AD69: 70.8 | AE69: 23.6 | AF69: 2.41 | AH69: =MAX($D$18*100/$AC69,$D$17*100/$AF69)/200 -> 1.2448133 | AK69: =(($AK$2+Y69*Лист1!$B$7^2*Лист1!$G$8/100)/(AA69/10^6)+$AK$3/(AE69/10^6))/1000/($Q69*IF(Лист1!$J$19="да",1/1.05,1)) -> 1.1299595 | AN69: =(($AK$2+Y69*Лист1!$B$7^2*Лист1!$G$8/100)/(AA69/10^6)+$AK$3/(AE69/10^6))/1000/($Q69*IF(Лист1!$J$19="да",1/1.05,1)) -> 1.1299595 | AQ69: =MAX((5/384*($AQ$2+$Y69/100)*$D$17^4/(2.06*10^8*$Z69/10^8))/($D$17/300)*INDEX(Лист1!$L$34:$L$38,MATCH(Лист1!$B$8,Лист1!$I$34:$I$38,0),1),(5/384*($AQ$3)*$D$17^4/(2.06*10^8*$AD69/10^8))/($D$17/200)) -> 3.7168628 | AT69: =MAX((5/384*($AT$2+$Y69/100)*$D$17^4/(2.06*10^8*$Z69/10^8))/($D$17/300)*INDEX(Лист1!$L$34:$L$38,MATCH(Лист1!$B$8,Лист1!$I$34:$I$38,0),1),(5/384*($AT$3)*$D$17^4/(2.06*10^8*$AD69/10^8))/($D$17/200)) -> 2.2124184 | AV69: =IF(OR(MAX(AH69,AQ69)>1,AK69>Лист1!$B$20,N69="-"),999999999,Y69*Лист1!$B$7+0.0001*O69) -> 999999999 | AX69: =IF(OR(MAX(AH69,AT69)>1,AN69>Лист1!$B$20,N69="-"),999999999,Y69*Лист1!$B$7+0.0001*O69) -> 999999999
O70: =O69+1 -> 67 | P70: С245 | Q70: 240 | R70: пр.100х60х5 | S70: 100 | T70: 100 | X70: 15 | Y70: 11.8 | Z70: 187.8 | AA70: 37.6 | AC70: 3.54 | AD70: 83.8 | AE70: 27.9 | AF70: 2.36 | AH70: =MAX($D$18*100/$AC70,$D$17*100/$AF70)/200 -> 1.2711864 | AK70: =(($AK$2+Y70*Лист1!$B$7^2*Лист1!$G$8/100)/(AA70/10^6)+$AK$3/(AE70/10^6))/1000/($Q70*IF(Лист1!$J$19="да",1/1.05,1)) -> 0.96382359 | AN70: =(($AK$2+Y70*Лист1!$B$7^2*Лист1!$G$8/100)/(AA70/10^6)+$AK$3/(AE70/10^6))/1000/($Q70*IF(Лист1!$J$19="да",1/1.05,1)) -> 0.96382359 | AQ70: =MAX((5/384*($AQ$2+$Y70/100)*$D$17^4/(2.06*10^8*$Z70/10^8))/($D$17/300)*INDEX(Лист1!$L$34:$L$38,MATCH(Лист1!$B$8,Лист1!$I$34:$I$38,0),1),(5/384*($AQ$3)*$D$17^4/(2.06*10^8*$AD70/10^8))/($D$17/200)) -> 3.1402612 | AT70: =MAX((5/384*($AT$2+$Y70/100)*$D$17^4/(2.06*10^8*$Z70/10^8))/($D$17/300)*INDEX(Лист1!$L$34:$L$38,MATCH(Лист1!$B$8,Лист1!$I$34:$I$38,0),1),(5/384*($AT$3)*$D$17^4/(2.06*10^8*$AD70/10^8))/($D$17/200)) -> 1.8692031 | AV70: =IF(OR(MAX(AH70,AQ70)>1,AK70>Лист1!$B$20,N70="-"),999999999,Y70*Лист1!$B$7+0.0001*O70) -> 999999999 | AX70: =IF(OR(MAX(AH70,AT70)>1,AN70>Лист1!$B$20,N70="-"),999999999,Y70*Лист1!$B$7+0.0001*O70) -> 999999999
O71: =O70+1 -> 68 | P71: С245 | Q71: 240 | R71: пр.100х60х6 | S71: 100 | T71: 100 | X71: 17.8 | Y71: 14 | Z71: 216.3 | AA71: 43.3 | AC71: 3.48 | AD71: 96.2 | AE71: 32.1 | AF71: 2.32 | AH71: =MAX($D$18*100/$AC71,$D$17*100/$AF71)/200 -> 1.2931034 | AK71: =(($AK$2+Y71*Лист1!$B$7^2*Лист1!$G$8/100)/(AA71/10^6)+$AK$3/(AE71/10^6))/1000/($Q71*IF(Лист1!$J$19="да",1/1.05,1)) -> 0.84698991 | AN71: =(($AK$2+Y71*Лист1!$B$7^2*Лист1!$G$8/100)/(AA71/10^6)+$AK$3/(AE71/10^6))/1000/($Q71*IF(Лист1!$J$19="да",1/1.05,1)) -> 0.84698991 | AQ71: =MAX((5/384*($AQ$2+$Y71/100)*$D$17^4/(2.06*10^8*$Z71/10^8))/($D$17/300)*INDEX(Лист1!$L$34:$L$38,MATCH(Лист1!$B$8,Лист1!$I$34:$I$38,0),1),(5/384*($AQ$3)*$D$17^4/(2.06*10^8*$AD71/10^8))/($D$17/200)) -> 2.7354874 | AT71: =MAX((5/384*($AT$2+$Y71/100)*$D$17^4/(2.06*10^8*$Z71/10^8))/($D$17/300)*INDEX(Лист1!$L$34:$L$38,MATCH(Лист1!$B$8,Лист1!$I$34:$I$38,0),1),(5/384*($AT$3)*$D$17^4/(2.06*10^8*$AD71/10^8))/($D$17/200)) -> 1.6282663 | AV71: =IF(OR(MAX(AH71,AQ71)>1,AK71>Лист1!$B$20,N71="-"),999999999,Y71*Лист1!$B$7+0.0001*O71) -> 999999999 | AX71: =IF(OR(MAX(AH71,AT71)>1,AN71>Лист1!$B$20,N71="-"),999999999,Y71*Лист1!$B$7+0.0001*O71) -> 999999999
O72: =O71+1 -> 69 | P72: С245 | Q72: 240 | R72: пр.120х80х3 | S72: 120 | T72: 120 | X72: 11.6 | Y72: 9.1 | Z72: 233.4 | AA72: 38.9 | AC72: 4.48 | AD72: 124.8 | AE72: 31.2 | AF72: 3.27 | AH72: =MAX($D$18*100/$AC72,$D$17*100/$AF72)/200 -> 0.91743119 | AK72: =(($AK$2+Y72*Лист1!$B$7^2*Лист1!$G$8/100)/(AA72/10^6)+$AK$3/(AE72/10^6))/1000/($Q72*IF(Лист1!$J$19="да",1/1.05,1)) -> 0.87174059 | AN72: =(($AK$2+Y72*Лист1!$B$7^2*Лист1!$G$8/100)/(AA72/10^6)+$AK$3/(AE72/10^6))/1000/($Q72*IF(Лист1!$J$19="да",1/1.05,1)) -> 0.87174059 | AQ72: =MAX((5/384*($AQ$2+$Y72/100)*$D$17^4/(2.06*10^8*$Z72/10^8))/($D$17/300)*INDEX(Лист1!$L$34:$L$38,MATCH(Лист1!$B$8,Лист1!$I$34:$I$38,0),1),(5/384*($AQ$3)*$D$17^4/(2.06*10^8*$AD72/10^8))/($D$17/200)) -> 2.1086049 | AT72: =MAX((5/384*($AT$2+$Y72/100)*$D$17^4/(2.06*10^8*$Z72/10^8))/($D$17/300)*INDEX(Лист1!$L$34:$L$38,MATCH(Лист1!$B$8,Лист1!$I$34:$I$38,0),1),(5/384*($AT$3)*$D$17^4/(2.06*10^8*$AD72/10^8))/($D$17/200)) -> 1.255122 | AV72: =IF(OR(MAX(AH72,AQ72)>1,AK72>Лист1!$B$20,N72="-"),999999999,Y72*Лист1!$B$7+0.0001*O72) -> 999999999 | AX72: =IF(OR(MAX(AH72,AT72)>1,AN72>Лист1!$B$20,N72="-"),999999999,Y72*Лист1!$B$7+0.0001*O72) -> 999999999
O73: =O72+1 -> 70 | P73: С245 | Q73: 240 | R73: пр.120х80х4 | S73: 120 | T73: 120 | X73: 15.3 | Y73: 12 | Z73: 299 | AA73: 49.8 | AC73: 4.42 | AD73: 159.7 | AE73: 39.9 | AF73: 3.23 | AH73: =MAX($D$18*100/$AC73,$D$17*100/$AF73)/200 -> 0.92879257 | AK73: =(($AK$2+Y73*Лист1!$B$7^2*Лист1!$G$8/100)/(AA73/10^6)+$AK$3/(AE73/10^6))/1000/($Q73*IF(Лист1!$J$19="да",1/1.05,1)) -> 0.69233754 | AN73: =(($AK$2+Y73*Лист1!$B$7^2*Лист1!$G$8/100)/(AA73/10^6)+$AK$3/(AE73/10^6))/1000/($Q73*IF(Лист1!$J$19="да",1/1.05,1)) -> 0.69233754 | AQ73: =MAX((5/384*($AQ$2+$Y73/100)*$D$17^4/(2.06*10^8*$Z73/10^8))/($D$17/300)*INDEX(Лист1!$L$34:$L$38,MATCH(Лист1!$B$8,Лист1!$I$34:$I$38,0),1),(5/384*($AQ$3)*$D$17^4/(2.06*10^8*$AD73/10^8))/($D$17/200)) -> 1.6478014 | AT73: =MAX((5/384*($AT$2+$Y73/100)*$D$17^4/(2.06*10^8*$Z73/10^8))/($D$17/300)*INDEX(Лист1!$L$34:$L$38,MATCH(Лист1!$B$8,Лист1!$I$34:$I$38,0),1),(5/384*($AT$3)*$D$17^4/(2.06*10^8*$AD73/10^8))/($D$17/200)) -> 0.98083419 | AV73: =IF(OR(MAX(AH73,AQ73)>1,AK73>Лист1!$B$20,N73="-"),999999999,Y73*Лист1!$B$7+0.0001*O73) -> 999999999 | AX73: =IF(OR(MAX(AH73,AT73)>1,AN73>Лист1!$B$20,N73="-"),999999999,Y73*Лист1!$B$7+0.0001*O73) -> 72.007
O74: =O73+1 -> 71 | P74: С245 | Q74: 240 | R74: пр.120х80х5 | S74: 120 | T74: 120 | X74: 18.9 | Y74: 14.8 | Z74: 361.4 | AA74: 60.2 | AC74: 4.37 | AD74: 192.4 | AE74: 48.1 | AF74: 3.19 | AH74: =MAX($D$18*100/$AC74,$D$17*100/$AF74)/200 -> 0.94043887 | AK74: =(($AK$2+Y74*Лист1!$B$7^2*Лист1!$G$8/100)/(AA74/10^6)+$AK$3/(AE74/10^6))/1000/($Q74*IF(Лист1!$J$19="да",1/1.05,1)) -> 0.58248424 | AN74: =(($AK$2+Y74*Лист1!$B$7^2*Лист1!$G$8/100)/(AA74/10^6)+$AK$3/(AE74/10^6))/1000/($Q74*IF(Лист1!$J$19="да",1/1.05,1)) -> 0.58248424 | AQ74: =MAX((5/384*($AQ$2+$Y74/100)*$D$17^4/(2.06*10^8*$Z74/10^8))/($D$17/300)*INDEX(Лист1!$L$34:$L$38,MATCH(Лист1!$B$8,Лист1!$I$34:$I$38,0),1),(5/384*($AQ$3)*$D$17^4/(2.06*10^8*$AD74/10^8))/($D$17/200)) -> 1.3677437 | AT74: =MAX((5/384*($AT$2+$Y74/100)*$D$17^4/(2.06*10^8*$Z74/10^8))/($D$17/300)*INDEX(Лист1!$L$34:$L$38,MATCH(Лист1!$B$8,Лист1!$I$34:$I$38,0),1),(5/384*($AT$3)*$D$17^4/(2.06*10^8*$AD74/10^8))/($D$17/200)) -> 0.81413316 | AV74: =IF(OR(MAX(AH74,AQ74)>1,AK74>Лист1!$B$20,N74="-"),999999999,Y74*Лист1!$B$7+0.0001*O74) -> 999999999 | AX74: =IF(OR(MAX(AH74,AT74)>1,AN74>Лист1!$B$20,N74="-"),999999999,Y74*Лист1!$B$7+0.0001*O74) -> 88.8071
O75: =O74+1 -> 72 | P75: С245 | Q75: 240 | R75: пр.120х80х6 | S75: 120 | T75: 120 | X75: 22.6 | Y75: 17.7 | Z75: 423.2 | AA75: 70.5 | AC75: 4.33 | AD75: 224.1 | AE75: 56 | AF75: 3.15 | AH75: =MAX($D$18*100/$AC75,$D$17*100/$AF75)/200 -> 0.95238095 | AK75: =(($AK$2+Y75*Лист1!$B$7^2*Лист1!$G$8/100)/(AA75/10^6)+$AK$3/(AE75/10^6))/1000/($Q75*IF(Лист1!$J$19="да",1/1.05,1)) -> 0.5069853 | AN75: =(($AK$2+Y75*Лист1!$B$7^2*Лист1!$G$8/100)/(AA75/10^6)+$AK$3/(AE75/10^6))/1000/($Q75*IF(Лист1!$J$19="да",1/1.05,1)) -> 0.5069853 | AQ75: =MAX((5/384*($AQ$2+$Y75/100)*$D$17^4/(2.06*10^8*$Z75/10^8))/($D$17/300)*INDEX(Лист1!$L$34:$L$38,MATCH(Лист1!$B$8,Лист1!$I$34:$I$38,0),1),(5/384*($AQ$3)*$D$17^4/(2.06*10^8*$AD75/10^8))/($D$17/200)) -> 1.1742699 | AT75: =MAX((5/384*($AT$2+$Y75/100)*$D$17^4/(2.06*10^8*$Z75/10^8))/($D$17/300)*INDEX(Лист1!$L$34:$L$38,MATCH(Лист1!$B$8,Лист1!$I$34:$I$38,0),1),(5/384*($AT$3)*$D$17^4/(2.06*10^8*$AD75/10^8))/($D$17/200)) -> 0.69897019 | AV75: =IF(OR(MAX(AH75,AQ75)>1,AK75>Лист1!$B$20,N75="-"),999999999,Y75*Лист1!$B$7+0.0001*O75) -> 999999999 | AX75: =IF(OR(MAX(AH75,AT75)>1,AN75>Лист1!$B$20,N75="-"),999999999,Y75*Лист1!$B$7+0.0001*O75) -> 106.2072
O76: =O75+1 -> 73 | P76: С245 | Q76: 240 | R76: пр.120х80х7 | S76: 120 | T76: 120 | X76: 26.3 | Y76: 20.6 | Z76: 483.2 | AA76: 80.4 | AC76: 4.28 | AD76: 254.6 | AE76: 63.8 | AF76: 3.1 | AH76: =MAX($D$18*100/$AC76,$D$17*100/$AF76)/200 -> 0.96774194 | AK76: =(($AK$2+Y76*Лист1!$B$7^2*Лист1!$G$8/100)/(AA76/10^6)+$AK$3/(AE76/10^6))/1000/($Q76*IF(Лист1!$J$19="да",1/1.05,1)) -> 0.45160414 | AN76: =(($AK$2+Y76*Лист1!$B$7^2*Лист1!$G$8/100)/(AA76/10^6)+$AK$3/(AE76/10^6))/1000/($Q76*IF(Лист1!$J$19="да",1/1.05,1)) -> 0.45160414 | AQ76: =MAX((5/384*($AQ$2+$Y76/100)*$D$17^4/(2.06*10^8*$Z76/10^8))/($D$17/300)*INDEX(Лист1!$L$34:$L$38,MATCH(Лист1!$B$8,Лист1!$I$34:$I$38,0),1),(5/384*($AQ$3)*$D$17^4/(2.06*10^8*$AD76/10^8))/($D$17/200)) -> 1.0335974 | AT76: =MAX((5/384*($AT$2+$Y76/100)*$D$17^4/(2.06*10^8*$Z76/10^8))/($D$17/300)*INDEX(Лист1!$L$34:$L$38,MATCH(Лист1!$B$8,Лист1!$I$34:$I$38,0),1),(5/384*($AT$3)*$D$17^4/(2.06*10^8*$AD76/10^8))/($D$17/200)) -> 0.61523653 | AV76: =IF(OR(MAX(AH76,AQ76)>1,AK76>Лист1!$B$20,N76="-"),999999999,Y76*Лист1!$B$7+0.0001*O76) -> 999999999 | AX76: =IF(OR(MAX(AH76,AT76)>1,AN76>Лист1!$B$20,N76="-"),999999999,Y76*Лист1!$B$7+0.0001*O76) -> 123.6073
... O79: =O78+1 -> 76 | P79: С245 | Q79: 240 | R79: пр.140х60х6 | S79: 140 | T79: 140 | X79: 22.6 | Y79: 17.7 | Z79: 509.7 | AA79: 72.8 | AC79: 4.75 | AD79: 131.3 | AE79: 43.8 | AF79: 2.41 | AH79: =MAX($D$18*100/$AC79,$D$17*100/$AF79)/200 -> 1.2448133 | AK79: =(($AK$2+Y79*Лист1!$B$7^2*Лист1!$G$8/100)/(AA79/10^6)+$AK$3/(AE79/10^6))/1000/($Q79*IF(Лист1!$J$19="да",1/1.05,1)) -> 0.59104038 | AN79: =(($AK$2+Y79*Лист1!$B$7^2*Лист1!$G$8/100)/(AA79/10^6)+$AK$3/(AE79/10^6))/1000/($Q79*IF(Лист1!$J$19="да",1/1.05,1)) -> 0.59104038 | AQ79: =MAX((5/384*($AQ$2+$Y79/100)*$D$17^4/(2.06*10^8*$Z79/10^8))/($D$17/300)*INDEX(Лист1!$L$34:$L$38,MATCH(Лист1!$B$8,Лист1!$I$34:$I$38,0),1),(5/384*($AQ$3)*$D$17^4/(2.06*10^8*$AD79/10^8))/($D$17/200)) -> 2.0042185 | AT79: =MAX((5/384*($AT$2+$Y79/100)*$D$17^4/(2.06*10^8*$Z79/10^8))/($D$17/300)*INDEX(Лист1!$L$34:$L$38,MATCH(Лист1!$B$8,Лист1!$I$34:$I$38,0),1),(5/384*($AT$3)*$D$17^4/(2.06*10^8*$AD79/10^8))/($D$17/200)) -> 1.1929872 | AV79: =IF(OR(MAX(AH79,AQ79)>1,AK79>Лист1!$B$20,N79="-"),999999999,Y79*Лист1!$B$7+0.0001*O79) -> 999999999 | AX79: =IF(OR(MAX(AH79,AT79)>1,AN79>Лист1!$B$20,N79="-"),999999999,Y79*Лист1!$B$7+0.0001*O79) -> 999999999
N80: - | O80: =O79+1 -> 77 | P80: С245 | Q80: 240 | R80: пр.140х100х3 | S80: 140 | T80: 140 | X80: 14.2 | Y80: 11.1 | Z80: 404.2 | AA80: 57.7 | AC80: 5.31 | AD80: 241.2 | AE80: 48.2 | AF80: 4.1 | AH80: =MAX($D$18*100/$AC80,$D$17*100/$AF80)/200 -> 0.73170732 | AK80: =(($AK$2+Y80*Лист1!$B$7^2*Лист1!$G$8/100)/(AA80/10^6)+$AK$3/(AE80/10^6))/1000/($Q80*IF(Лист1!$J$19="да",1/1.05,1)) -> 0.57864203 | AN80: =(($AK$2+Y80*Лист1!$B$7^2*Лист1!$G$8/100)/(AA80/10^6)+$AK$3/(AE80/10^6))/1000/($Q80*IF(Лист1!$J$19="да",1/1.05,1)) -> 0.57864203 | AQ80: =MAX((5/384*($AQ$2+$Y80/100)*$D$17^4/(2.06*10^8*$Z80/10^8))/($D$17/300)*INDEX(Лист1!$L$34:$L$38,MATCH(Лист1!$B$8,Лист1!$I$34:$I$38,0),1),(5/384*($AQ$3)*$D$17^4/(2.06*10^8*$AD80/10^8))/($D$17/200)) -> 1.0910194 | AT80: =MAX((5/384*($AT$2+$Y80/100)*$D$17^4/(2.06*10^8*$Z80/10^8))/($D$17/300)*INDEX(Лист1!$L$34:$L$38,MATCH(Лист1!$B$8,Лист1!$I$34:$I$38,0),1),(5/384*($AT$3)*$D$17^4/(2.06*10^8*$AD80/10^8))/($D$17/200)) -> 0.64941633 | AV80: =IF(OR(MAX(AH80,AQ80)>1,AK80>Лист1!$B$20,N80="-"),999999999,Y80*Лист1!$B$7+0.0001*O80) -> 999999999 | AX80: =IF(OR(MAX(AH80,AT80)>1,AN80>Лист1!$B$20,N80="-"),999999999,Y80*Лист1!$B$7+0.0001*O80) -> 999999999
O81: =O80+1 -> 78 | P81: С245 | Q81: 240 | R81: пр.140х100х4 | S81: 140 | T81: 140 | X81: 18.5 | Y81: 14.5 | Z81: 511.3 | AA81: 73 | AC81: 5.26 | AD81: 304.3 | AE81: 60.9 | AF81: 4.05 | AH81: =MAX($D$18*100/$AC81,$D$17*100/$AF81)/200 -> 0.74074074 | AK81: =(($AK$2+Y81*Лист1!$B$7^2*Лист1!$G$8/100)/(AA81/10^6)+$AK$3/(AE81/10^6))/1000/($Q81*IF(Лист1!$J$19="да",1/1.05,1)) -> 0.46649169 | AN81: =(($AK$2+Y81*Лист1!$B$7^2*Лист1!$G$8/100)/(AA81/10^6)+$AK$3/(AE81/10^6))/1000/($Q81*IF(Лист1!$J$19="да",1/1.05,1)) -> 0.46649169 | AQ81: =MAX((5/384*($AQ$2+$Y81/100)*$D$17^4/(2.06*10^8*$Z81/10^8))/($D$17/300)*INDEX(Лист1!$L$34:$L$38,MATCH(Лист1!$B$8,Лист1!$I$34:$I$38,0),1),(5/384*($AQ$3)*$D$17^4/(2.06*10^8*$AD81/10^8))/($D$17/200)) -> 0.86478439 | AT81: =MAX((5/384*($AT$2+$Y81/100)*$D$17^4/(2.06*10^8*$Z81/10^8))/($D$17/300)*INDEX(Лист1!$L$34:$L$38,MATCH(Лист1!$B$8,Лист1!$I$34:$I$38,0),1),(5/384*($AT$3)*$D$17^4/(2.06*10^8*$AD81/10^8))/($D$17/200)) -> 0.51475261 | AV81: =IF(OR(MAX(AH81,AQ81)>1,AK81>Лист1!$B$20,N81="-"),999999999,Y81*Лист1!$B$7+0.0001*O81) -> 87.0078 | AX81: =IF(OR(MAX(AH81,AT81)>1,AN81>Лист1!$B$20,N81="-"),999999999,Y81*Лист1!$B$7+0.0001*O81) -> 87.0078
O82: =O81+1 -> 79 | P82: С245 | Q82: 240 | R82: пр.140х100х5 | S82: 140 | T82: 140 | X82: 22.9 | Y82: 18 | Z82: 619.7 | AA82: 88.5 | AC82: 5.2 | AD82: 368 | AE82: 73.6 | AF82: 4.01 | AH82: =MAX($D$18*100/$AC82,$D$17*100/$AF82)/200 -> 0.74812968 | AK82: =(($AK$2+Y82*Лист1!$B$7^2*Лист1!$G$8/100)/(AA82/10^6)+$AK$3/(AE82/10^6))/1000/($Q82*IF(Лист1!$J$19="да",1/1.05,1)) -> 0.39297258 | AN82: =(($AK$2+Y82*Лист1!$B$7^2*Лист1!$G$8/100)/(AA82/10^6)+$AK$3/(AE82/10^6))/1000/($Q82*IF(Лист1!$J$19="да",1/1.05,1)) -> 0.39297258 | AQ82: =MAX((5/384*($AQ$2+$Y82/100)*$D$17^4/(2.06*10^8*$Z82/10^8))/($D$17/300)*INDEX(Лист1!$L$34:$L$38,MATCH(Лист1!$B$8,Лист1!$I$34:$I$38,0),1),(5/384*($AQ$3)*$D$17^4/(2.06*10^8*$AD82/10^8))/($D$17/200)) -> 0.71509209 | AT82: =MAX((5/384*($AT$2+$Y82/100)*$D$17^4/(2.06*10^8*$Z82/10^8))/($D$17/300)*INDEX(Лист1!$L$34:$L$38,MATCH(Лист1!$B$8,Лист1!$I$34:$I$38,0),1),(5/384*($AT$3)*$D$17^4/(2.06*10^8*$AD82/10^8))/($D$17/200)) -> 0.42565005 | AV82: =IF(OR(MAX(AH82,AQ82)>1,AK82>Лист1!$B$20,N82="-"),999999999,Y82*Лист1!$B$7+0.0001*O82) -> 108.0079 | AX82: =IF(OR(MAX(AH82,AT82)>1,AN82>Лист1!$B$20,N82="-"),999999999,Y82*Лист1!$B$7+0.0001*O82) -> 108.0079
O83: =O82+1 -> 80 | P83: С245 | Q83: 240 | R83: пр.140х100х6 | S83: 140 | T83: 140 | X83: 27.4 | Y83: 21.5 | Z83: 729.2 | AA83: 104.2 | AC83: 5.16 | AD83: 432.4 | AE83: 86.5 | AF83: 3.97 | AH83: =MAX($D$18*100/$AC83,$D$17*100/$AF83)/200 -> 0.75566751 | AK83: =(($AK$2+Y83*Лист1!$B$7^2*Лист1!$G$8/100)/(AA83/10^6)+$AK$3/(AE83/10^6))/1000/($Q83*IF(Лист1!$J$19="да",1/1.05,1)) -> 0.34043849 | AN83: =(($AK$2+Y83*Лист1!$B$7^2*Лист1!$G$8/100)/(AA83/10^6)+$AK$3/(AE83/10^6))/1000/($Q83*IF(Лист1!$J$19="да",1/1.05,1)) -> 0.34043849 | AQ83: =MAX((5/384*($AQ$2+$Y83/100)*$D$17^4/(2.06*10^8*$Z83/10^8))/($D$17/300)*INDEX(Лист1!$L$34:$L$38,MATCH(Лист1!$B$8,Лист1!$I$34:$I$38,0),1),(5/384*($AQ$3)*$D$17^4/(2.06*10^8*$AD83/10^8))/($D$17/200)) -> 0.60858901 | AT83: =MAX((5/384*($AT$2+$Y83/100)*$D$17^4/(2.06*10^8*$Z83/10^8))/($D$17/300)*INDEX(Лист1!$L$34:$L$38,MATCH(Лист1!$B$8,Лист1!$I$34:$I$38,0),1),(5/384*($AT$3)*$D$17^4/(2.06*10^8*$AD83/10^8))/($D$17/200)) -> 0.36225536 | AV83: =IF(OR(MAX(AH83,AQ83)>1,AK83>Лист1!$B$20,N83="-"),999999999,Y83*Лист1!$B$7+0.0001*O83) -> 129.008 | AX83: =IF(OR(MAX(AH83,AT83)>1,AN83>Лист1!$B$20,N83="-"),999999999,Y83*Лист1!$B$7+0.0001*O83) -> 129.008
N84: - | O84: =O83+1 -> 81 | P84: С245 | Q84: 240 | R84: пр.140х100х7 | S84: 140 | T84: 140 | X84: 32 | Y84: 25.1 | Z84: 839.8 | AA84: 120 | AC84: 5.11 | AD84: 497.5 | AE84: 99.5 | AF84: 3.92 | AH84: =MAX($D$18*100/$AC84,$D$17*100/$AF84)/200 -> 0.76530612 | AK84: =(($AK$2+Y84*Лист1!$B$7^2*Лист1!$G$8/100)/(AA84/10^6)+$AK$3/(AE84/10^6))/1000/($Q84*IF(Лист1!$J$19="да",1/1.05,1)) -> 0.30145079 | AN84: =(($AK$2+Y84*Лист1!$B$7^2*Лист1!$G$8/100)/(AA84/10^6)+$AK$3/(AE84/10^6))/1000/($Q84*IF(Лист1!$J$19="да",1/1.05,1)) -> 0.30145079 | AQ84: =MAX((5/384*($AQ$2+$Y84/100)*$D$17^4/(2.06*10^8*$Z84/10^8))/($D$17/300)*INDEX(Лист1!$L$34:$L$38,MATCH(Лист1!$B$8,Лист1!$I$34:$I$38,0),1),(5/384*($AQ$3)*$D$17^4/(2.06*10^8*$AD84/10^8))/($D$17/200)) -> 0.52895254 | AT84: =MAX((5/384*($AT$2+$Y84/100)*$D$17^4/(2.06*10^8*$Z84/10^8))/($D$17/300)*INDEX(Лист1!$L$34:$L$38,MATCH(Лист1!$B$8,Лист1!$I$34:$I$38,0),1),(5/384*($AT$3)*$D$17^4/(2.06*10^8*$AD84/10^8))/($D$17/200)) -> 0.3148527 | AV84: =IF(OR(MAX(AH84,AQ84)>1,AK84>Лист1!$B$20,N84="-"),999999999,Y84*Лист1!$B$7+0.0001*O84) -> 999999999 | AX84: =IF(OR(MAX(AH84,AT84)>1,AN84>Лист1!$B$20,N84="-"),999999999,Y84*Лист1!$B$7+0.0001*O84) -> 999999999
N85: - | O85: =O84+1 -> 82 | P85: С245 | Q85: 240 | R85: пр.160х80х3 | S85: 160 | T85: 160 | X85: 13.9 | Y85: 10.9 | Z85: 455 | AA85: 56.9 | AC85: 5.7 | AD85: 155.2 | AE85: 38.8 | AF85: 3.34 | AH85: =MAX($D$18*100/$AC85,$D$17*100/$AF85)/200 -> 0.89820359 | AK85: =(($AK$2+Y85*Лист1!$B$7^2*Лист1!$G$8/100)/(AA85/10^6)+$AK$3/(AE85/10^6))/1000/($Q85*IF(Лист1!$J$19="да",1/1.05,1)) -> 0.67167251 | AN85: =(($AK$2+Y85*Лист1!$B$7^2*Лист1!$G$8/100)/(AA85/10^6)+$AK$3/(AE85/10^6))/1000/($Q85*IF(Лист1!$J$19="да",1/1.05,1)) -> 0.67167251 | AQ85: =MAX((5/384*($AQ$2+$Y85/100)*$D$17^4/(2.06*10^8*$Z85/10^8))/($D$17/300)*INDEX(Лист1!$L$34:$L$38,MATCH(Лист1!$B$8,Лист1!$I$34:$I$38,0),1),(5/384*($AQ$3)*$D$17^4/(2.06*10^8*$AD85/10^8))/($D$17/200)) -> 1.6955792 | AT85: =MAX((5/384*($AT$2+$Y85/100)*$D$17^4/(2.06*10^8*$Z85/10^8))/($D$17/300)*INDEX(Лист1!$L$34:$L$38,MATCH(Лист1!$B$8,Лист1!$I$34:$I$38,0),1),(5/384*($AT$3)*$D$17^4/(2.06*10^8*$AD85/10^8))/($D$17/200)) -> 1.0092733 | AV85: =IF(OR(MAX(AH85,AQ85)>1,AK85>Лист1!$B$20,N85="-"),999999999,Y85*Лист1!$B$7+0.0001*O85) -> 999999999 | AX85: =IF(OR(MAX(AH85,AT85)>1,AN85>Лист1!$B$20,N85="-"),999999999,Y85*Лист1!$B$7+0.0001*O85) -> 999999999
O86: =O85+1 -> 83 | P86: С245 | Q86: 240 | R86: пр.160х80х4 | S86: 160 | T86: 160 | X86: 18.5 | Y86: 14.5 | Z86: 606.7 | AA86: 75.8 | AC86: 5.73 | AD86: 206.9 | AE86: 51.7 | AF86: 3.34 | AH86: =MAX($D$18*100/$AC86,$D$17*100/$AF86)/200 -> 0.89820359 | AK86: =(($AK$2+Y86*Лист1!$B$7^2*Лист1!$G$8/100)/(AA86/10^6)+$AK$3/(AE86/10^6))/1000/($Q86*IF(Лист1!$J$19="да",1/1.05,1)) -> 0.51302045 | AN86: =(($AK$2+Y86*Лист1!$B$7^2*Лист1!$G$8/100)/(AA86/10^6)+$AK$3/(AE86/10^6))/1000/($Q86*IF(Лист1!$J$19="да",1/1.05,1)) -> 0.51302045 | AQ86: =MAX((5/384*($AQ$2+$Y86/100)*$D$17^4/(2.06*10^8*$Z86/10^8))/($D$17/300)*INDEX(Лист1!$L$34:$L$38,MATCH(Лист1!$B$8,Лист1!$I$34:$I$38,0),1),(5/384*($AQ$3)*$D$17^4/(2.06*10^8*$AD86/10^8))/($D$17/200)) -> 1.2718893 | AT86: =MAX((5/384*($AT$2+$Y86/100)*$D$17^4/(2.06*10^8*$Z86/10^8))/($D$17/300)*INDEX(Лист1!$L$34:$L$38,MATCH(Лист1!$B$8,Лист1!$I$34:$I$38,0),1),(5/384*($AT$3)*$D$17^4/(2.06*10^8*$AD86/10^8))/($D$17/200)) -> 0.75707694 | AV86: =IF(OR(MAX(AH86,AQ86)>1,AK86>Лист1!$B$20,N86="-"),999999999,Y86*Лист1!$B$7+0.0001*O86) -> 999999999 | AX86: =IF(OR(MAX(AH86,AT86)>1,AN86>Лист1!$B$20,N86="-"),999999999,Y86*Лист1!$B$7+0.0001*O86) -> 87.0083
O87: =O86+1 -> 84 | P87: С245 | Q87: 240 | R87: пр.160х80х5 | S87: 160 | T87: 160 | X87: 22.9 | Y87: 18 | Z87: 735.9 | AA87: 92 | AC87: 5.67 | AD87: 248.7 | AE87: 62.2 | AF87: 3.29 | AH87: =MAX($D$18*100/$AC87,$D$17*100/$AF87)/200 -> 0.9118541 | AK87: =(($AK$2+Y87*Лист1!$B$7^2*Лист1!$G$8/100)/(AA87/10^6)+$AK$3/(AE87/10^6))/1000/($Q87*IF(Лист1!$J$19="да",1/1.05,1)) -> 0.43236069 | AN87: =(($AK$2+Y87*Лист1!$B$7^2*Лист1!$G$8/100)/(AA87/10^6)+$AK$3/(AE87/10^6))/1000/($Q87*IF(Лист1!$J$19="да",1/1.05,1)) -> 0.43236069 | AQ87: =MAX((5/384*($AQ$2+$Y87/100)*$D$17^4/(2.06*10^8*$Z87/10^8))/($D$17/300)*INDEX(Лист1!$L$34:$L$38,MATCH(Лист1!$B$8,Лист1!$I$34:$I$38,0),1),(5/384*($AQ$3)*$D$17^4/(2.06*10^8*$AD87/10^8))/($D$17/200)) -> 1.0581178 | AT87: =MAX((5/384*($AT$2+$Y87/100)*$D$17^4/(2.06*10^8*$Z87/10^8))/($D$17/300)*INDEX(Лист1!$L$34:$L$38,MATCH(Лист1!$B$8,Лист1!$I$34:$I$38,0),1),(5/384*($AT$3)*$D$17^4/(2.06*10^8*$AD87/10^8))/($D$17/200)) -> 0.629832 | AV87: =IF(OR(MAX(AH87,AQ87)>1,AK87>Лист1!$B$20,N87="-"),999999999,Y87*Лист1!$B$7+0.0001*O87) -> 999999999 | AX87: =IF(OR(MAX(AH87,AT87)>1,AN87>Лист1!$B$20,N87="-"),999999999,Y87*Лист1!$B$7+0.0001*O87) -> 108.0084
O88: =O87+1 -> 85 | P88: С245 | Q88: 240 | R88: пр.160х80х6 | S88: 160 | T88: 160 | X88: 27.4 | Y88: 21.5 | Z88: 864.7 | AA88: 108.1 | AC88: 5.62 | AD88: 280.7 | AE88: 72.7 | AF88: 3.26 | AH88: =MAX($D$18*100/$AC88,$D$17*100/$AF88)/200 -> 0.9202454 | AK88: =(($AK$2+Y88*Лист1!$B$7^2*Лист1!$G$8/100)/(AA88/10^6)+$AK$3/(AE88/10^6))/1000/($Q88*IF(Лист1!$J$19="да",1/1.05,1)) -> 0.37534666 | AN88: =(($AK$2+Y88*Лист1!$B$7^2*Лист1!$G$8/100)/(AA88/10^6)+$AK$3/(AE88/10^6))/1000/($Q88*IF(Лист1!$J$19="да",1/1.05,1)) -> 0.37534666 | AQ88: =MAX((5/384*($AQ$2+$Y88/100)*$D$17^4/(2.06*10^8*$Z88/10^8))/($D$17/300)*INDEX(Лист1!$L$34:$L$38,MATCH(Лист1!$B$8,Лист1!$I$34:$I$38,0),1),(5/384*($AQ$3)*$D$17^4/(2.06*10^8*$AD88/10^8))/($D$17/200)) -> 0.93749159 | AT88: =MAX((5/384*($AT$2+$Y88/100)*$D$17^4/(2.06*10^8*$Z88/10^8))/($D$17/300)*INDEX(Лист1!$L$34:$L$38,MATCH(Лист1!$B$8,Лист1!$I$34:$I$38,0),1),(5/384*($AT$3)*$D$17^4/(2.06*10^8*$AD88/10^8))/($D$17/200)) -> 0.55803071 | AV88: =IF(OR(MAX(AH88,AQ88)>1,AK88>Лист1!$B$20,N88="-"),999999999,Y88*Лист1!$B$7+0.0001*O88) -> 129.0085 | AX88: =IF(OR(MAX(AH88,AT88)>1,AN88>Лист1!$B$20,N88="-"),999999999,Y88*Лист1!$B$7+0.0001*O88) -> 129.0085
O89: =O88+1 -> 86 | P89: С245 | Q89: 240 | R89: пр.160х120х4 | S89: 160 | T89: 160 | X89: 21.6 | Y89: 17 | Z89: 799.2 | AA89: 99.9 | AC89: 6.08 | AD89: 514 | AE89: 85.7 | AF89: 4.88 | AH89: =MAX($D$18*100/$AC89,$D$17*100/$AF89)/200 -> 0.6147541 | AK89: =(($AK$2+Y89*Лист1!$B$7^2*Лист1!$G$8/100)/(AA89/10^6)+$AK$3/(AE89/10^6))/1000/($Q89*IF(Лист1!$J$19="да",1/1.05,1)) -> 0.3396044 | AN89: =(($AK$2+Y89*Лист1!$B$7^2*Лист1!$G$8/100)/(AA89/10^6)+$AK$3/(AE89/10^6))/1000/($Q89*IF(Лист1!$J$19="да",1/1.05,1)) -> 0.3396044 | AQ89: =MAX((5/384*($AQ$2+$Y89/100)*$D$17^4/(2.06*10^8*$Z89/10^8))/($D$17/300)*INDEX(Лист1!$L$34:$L$38,MATCH(Лист1!$B$8,Лист1!$I$34:$I$38,0),1),(5/384*($AQ$3)*$D$17^4/(2.06*10^8*$AD89/10^8))/($D$17/200)) -> 0.51197255 | AT89: =MAX((5/384*($AT$2+$Y89/100)*$D$17^4/(2.06*10^8*$Z89/10^8))/($D$17/300)*INDEX(Лист1!$L$34:$L$38,MATCH(Лист1!$B$8,Лист1!$I$34:$I$38,0),1),(5/384*($AT$3)*$D$17^4/(2.06*10^8*$AD89/10^8))/($D$17/200)) -> 0.30474556 | AV89: =IF(OR(MAX(AH89,AQ89)>1,AK89>Лист1!$B$20,N89="-"),999999999,Y89*Лист1!$B$7+0.0001*O89) -> 102.0086 | AX89: =IF(OR(MAX(AH89,AT89)>1,AN89>Лист1!$B$20,N89="-"),999999999,Y89*Лист1!$B$7+0.0001*O89) -> 102.0086
O90: =O89+1 -> 87 | P90: С245 | Q90: 240 | R90: пр.160х120х5 | S90: 160 | T90: 160 | X90: 26.9 | Y90: 21.1 | Z90: 978.2 | AA90: 122.3 | AC90: 6.03 | AD90: 628.4 | AE90: 104.7 | AF90: 4.83 | AH90: =MAX($D$18*100/$AC90,$D$17*100/$AF90)/200 -> 0.62111801 | AK90: =(($AK$2+Y90*Лист1!$B$7^2*Лист1!$G$8/100)/(AA90/10^6)+$AK$3/(AE90/10^6))/1000/($Q90*IF(Лист1!$J$19="да",1/1.05,1)) -> 0.28404488 | AN90: =(($AK$2+Y90*Лист1!$B$7^2*Лист1!$G$8/100)/(AA90/10^6)+$AK$3/(AE90/10^6))/1000/($Q90*IF(Лист1!$J$19="да",1/1.05,1)) -> 0.28404488 | AQ90: =MAX((5/384*($AQ$2+$Y90/100)*$D$17^4/(2.06*10^8*$Z90/10^8))/($D$17/300)*INDEX(Лист1!$L$34:$L$38,MATCH(Лист1!$B$8,Лист1!$I$34:$I$38,0),1),(5/384*($AQ$3)*$D$17^4/(2.06*10^8*$AD90/10^8))/($D$17/200)) -> 0.41876812 | AT90: =MAX((5/384*($AT$2+$Y90/100)*$D$17^4/(2.06*10^8*$Z90/10^8))/($D$17/300)*INDEX(Лист1!$L$34:$L$38,MATCH(Лист1!$B$8,Лист1!$I$34:$I$38,0),1),(5/384*($AT$3)*$D$17^4/(2.06*10^8*$AD90/10^8))/($D$17/200)) -> 0.24926674 | AV90: =IF(OR(MAX(AH90,AQ90)>1,AK90>Лист1!$B$20,N90="-"),999999999,Y90*Лист1!$B$7+0.0001*O90) -> 126.6087 | AX90: =IF(OR(MAX(AH90,AT90)>1,AN90>Лист1!$B$20,N90="-"),999999999,Y90*Лист1!$B$7+0.0001*O90) -> 126.6087
O91: =O90+1 -> 88 | P91: С245 | Q91: 240 | R91: пр.160х120х6 | S91: 160 | T91: 160 | X91: 32.1 | Y91: 25.2 | Z91: 1150.5 | AA91: 143.8 | AC91: 5.99 | AD91: 736.9 | AE91: 122.8 | AF91: 4.79 | AH91: =MAX($D$18*100/$AC91,$D$17*100/$AF91)/200 -> 0.6263048 | AK91: =(($AK$2+Y91*Лист1!$B$7^2*Лист1!$G$8/100)/(AA91/10^6)+$AK$3/(AE91/10^6))/1000/($Q91*IF(Лист1!$J$19="да",1/1.05,1)) -> 0.24728811 | AN91: =(($AK$2+Y91*Лист1!$B$7^2*Лист1!$G$8/100)/(AA91/10^6)+$AK$3/(AE91/10^6))/1000/($Q91*IF(Лист1!$J$19="да",1/1.05,1)) -> 0.24728811 | AQ91: =MAX((5/384*($AQ$2+$Y91/100)*$D$17^4/(2.06*10^8*$Z91/10^8))/($D$17/300)*INDEX(Лист1!$L$34:$L$38,MATCH(Лист1!$B$8,Лист1!$I$34:$I$38,0),1),(5/384*($AQ$3)*$D$17^4/(2.06*10^8*$AD91/10^8))/($D$17/200)) -> 0.35710936 | AT91: =MAX((5/384*($AT$2+$Y91/100)*$D$17^4/(2.06*10^8*$Z91/10^8))/($D$17/300)*INDEX(Лист1!$L$34:$L$38,MATCH(Лист1!$B$8,Лист1!$I$34:$I$38,0),1),(5/384*($AT$3)*$D$17^4/(2.06*10^8*$AD91/10^8))/($D$17/200)) -> 0.2125651 | AV91: =IF(OR(MAX(AH91,AQ91)>1,AK91>Лист1!$B$20,N91="-"),999999999,Y91*Лист1!$B$7+0.0001*O91) -> 151.2088 | AX91: =IF(OR(MAX(AH91,AT91)>1,AN91>Лист1!$B$20,N91="-"),999999999,Y91*Лист1!$B$7+0.0001*O91) -> 151.2088
O92: =O91+1 -> 89 | P92: С245 | Q92: 240 | R92: пр.160х120х7 | S92: 160 | T92: 160 | X92: 37.2 | Y92: 29.2 | Z92: 1307.4 | AA92: 163.4 | AC92: 5.93 | AD92: 836.6 | AE92: 139.4 | AF92: 4.74 | AH92: =MAX($D$18*100/$AC92,$D$17*100/$AF92)/200 -> 0.63291139 | AK92: =(($AK$2+Y92*Лист1!$B$7^2*Лист1!$G$8/100)/(AA92/10^6)+$AK$3/(AE92/10^6))/1000/($Q92*IF(Лист1!$J$19="да",1/1.05,1)) -> 0.22234352 | AN92: =(($AK$2+Y92*Лист1!$B$7^2*Лист1!$G$8/100)/(AA92/10^6)+$AK$3/(AE92/10^6))/1000/($Q92*IF(Лист1!$J$19="да",1/1.05,1)) -> 0.22234352 | AQ92: =MAX((5/384*($AQ$2+$Y92/100)*$D$17^4/(2.06*10^8*$Z92/10^8))/($D$17/300)*INDEX(Лист1!$L$34:$L$38,MATCH(Лист1!$B$8,Лист1!$I$34:$I$38,0),1),(5/384*($AQ$3)*$D$17^4/(2.06*10^8*$AD92/10^8))/($D$17/200)) -> 0.31455162 | AT92: =MAX((5/384*($AT$2+$Y92/100)*$D$17^4/(2.06*10^8*$Z92/10^8))/($D$17/300)*INDEX(Лист1!$L$34:$L$38,MATCH(Лист1!$B$8,Лист1!$I$34:$I$38,0),1),(5/384*($AT$3)*$D$17^4/(2.06*10^8*$AD92/10^8))/($D$17/200)) -> 0.18723311 | AV92: =IF(OR(MAX(AH92,AQ92)>1,AK92>Лист1!$B$20,N92="-"),999999999,Y92*Лист1!$B$7+0.0001*O92) -> 175.2089 | AX92: =IF(OR(MAX(AH92,AT92)>1,AN92>Лист1!$B$20,N92="-"),999999999,Y92*Лист1!$B$7+0.0001*O92) -> 175.2089
O93: =O92+1 -> 90 | P93: С245 | Q93: 240 | R93: пр.160х120х8 | S93: 160 | T93: 160 | X93: 42.3 | Y93: 33.2 | Z93: 1461 | AA93: 182.6 | AC93: 5.88 | AD93: 932.5 | AE93: 155.4 | AF93: 4.69 | AH93: =MAX($D$18*100/$AC93,$D$17*100/$AF93)/200 -> 0.63965885 | AK93: =(($AK$2+Y93*Лист1!$B$7^2*Лист1!$G$8/100)/(AA93/10^6)+$AK$3/(AE93/10^6))/1000/($Q93*IF(Лист1!$J$19="да",1/1.05,1)) -> 0.2033555 | AN93: =(($AK$2+Y93*Лист1!$B$7^2*Лист1!$G$8/100)/(AA93/10^6)+$AK$3/(AE93/10^6))/1000/($Q93*IF(Лист1!$J$19="да",1/1.05,1)) -> 0.2033555 | AQ93: =MAX((5/384*($AQ$2+$Y93/100)*$D$17^4/(2.06*10^8*$Z93/10^8))/($D$17/300)*INDEX(Лист1!$L$34:$L$38,MATCH(Лист1!$B$8,Лист1!$I$34:$I$38,0),1),(5/384*($AQ$3)*$D$17^4/(2.06*10^8*$AD93/10^8))/($D$17/200)) -> 0.28220256 | AT93: =MAX((5/384*($AT$2+$Y93/100)*$D$17^4/(2.06*10^8*$Z93/10^8))/($D$17/300)*INDEX(Лист1!$L$34:$L$38,MATCH(Лист1!$B$8,Лист1!$I$34:$I$38,0),1),(5/384*($AT$3)*$D$17^4/(2.06*10^8*$AD93/10^8))/($D$17/200)) -> 0.16797772 | AV93: =IF(OR(MAX(AH93,AQ93)>1,AK93>Лист1!$B$20,N93="-"),999999999,Y93*Лист1!$B$7+0.0001*O93) -> 199.209 | AX93: =IF(OR(MAX(AH93,AT93)>1,AN93>Лист1!$B$20,N93="-"),999999999,Y93*Лист1!$B$7+0.0001*O93) -> 199.209
N94: - | O94: =O93+1 -> 91 | P94: С245 | Q94: 240 | R94: пр.180х60х5 | S94: 180 | T94: 180 | X94: 22.9 | Y94: 18 | Z94: 833.8 | AA94: 92.6 | AC94: 6.03 | AD94: 144.7 | AE94: 48.2 | AF94: 2.51 | AH94: =MAX($D$18*100/$AC94,$D$17*100/$AF94)/200 -> 1.1952191 | AK94: =(($AK$2+Y94*Лист1!$B$7^2*Лист1!$G$8/100)/(AA94/10^6)+$AK$3/(AE94/10^6))/1000/($Q94*IF(Лист1!$J$19="да",1/1.05,1)) -> 0.51582292 | AN94: =(($AK$2+Y94*Лист1!$B$7^2*Лист1!$G$8/100)/(AA94/10^6)+$AK$3/(AE94/10^6))/1000/($Q94*IF(Лист1!$J$19="да",1/1.05,1)) -> 0.51582292 | AQ94: =MAX((5/384*($AQ$2+$Y94/100)*$D$17^4/(2.06*10^8*$Z94/10^8))/($D$17/300)*INDEX(Лист1!$L$34:$L$38,MATCH(Лист1!$B$8,Лист1!$I$34:$I$38,0),1),(5/384*($AQ$3)*$D$17^4/(2.06*10^8*$AD94/10^8))/($D$17/200)) -> 1.8186171 | AT94: =MAX((5/384*($AT$2+$Y94/100)*$D$17^4/(2.06*10^8*$Z94/10^8))/($D$17/300)*INDEX(Лист1!$L$34:$L$38,MATCH(Лист1!$B$8,Лист1!$I$34:$I$38,0),1),(5/384*($AT$3)*$D$17^4/(2.06*10^8*$AD94/10^8))/($D$17/200)) -> 1.0825102 | AV94: =IF(OR(MAX(AH94,AQ94)>1,AK94>Лист1!$B$20,N94="-"),999999999,Y94*Лист1!$B$7+0.0001*O94) -> 999999999 | AX94: =IF(OR(MAX(AH94,AT94)>1,AN94>Лист1!$B$20,N94="-"),999999999,Y94*Лист1!$B$7+0.0001*O94) -> 999999999
N95: - | O95: =O94+1 -> 92 | P95: С245 | Q95: 240 | R95: пр.180х60х6 | S95: 180 | T95: 180 | X95: 27.4 | Y95: 21.5 | Z95: 978.5 | AA95: 108.7 | AC95: 5.97 | AD95: 166.5 | AE95: 55.5 | AF95: 2.46 | AH95: =MAX($D$18*100/$AC95,$D$17*100/$AF95)/200 -> 1.2195122 | AK95: =(($AK$2+Y95*Лист1!$B$7^2*Лист1!$G$8/100)/(AA95/10^6)+$AK$3/(AE95/10^6))/1000/($Q95*IF(Лист1!$J$19="да",1/1.05,1)) -> 0.45167625 | AN95: =(($AK$2+Y95*Лист1!$B$7^2*Лист1!$G$8/100)/(AA95/10^6)+$AK$3/(AE95/10^6))/1000/($Q95*IF(Лист1!$J$19="да",1/1.05,1)) -> 0.45167625 | AQ95: =MAX((5/384*($AQ$2+$Y95/100)*$D$17^4/(2.06*10^8*$Z95/10^8))/($D$17/300)*INDEX(Лист1!$L$34:$L$38,MATCH(Лист1!$B$8,Лист1!$I$34:$I$38,0),1),(5/384*($AQ$3)*$D$17^4/(2.06*10^8*$AD95/10^8))/($D$17/200)) -> 1.5805038 | AT95: =MAX((5/384*($AT$2+$Y95/100)*$D$17^4/(2.06*10^8*$Z95/10^8))/($D$17/300)*INDEX(Лист1!$L$34:$L$38,MATCH(Лист1!$B$8,Лист1!$I$34:$I$38,0),1),(5/384*($AT$3)*$D$17^4/(2.06*10^8*$AD95/10^8))/($D$17/200)) -> 0.94077609 | AV95: =IF(OR(MAX(AH95,AQ95)>1,AK95>Лист1!$B$20,N95="-"),999999999,Y95*Лист1!$B$7+0.0001*O95) -> 999999999 | AX95: =IF(OR(MAX(AH95,AT95)>1,AN95>Лист1!$B$20,N95="-"),999999999,Y95*Лист1!$B$7+0.0001*O95) -> 999999999
O96: =O95+1 -> 93 | P96: С245 | Q96: 240 | R96: пр.180х100х5 | S96: 180 | T96: 180 | X96: 26.9 | Y96: 21.1 | Z96: 1143 | AA96: 127 | AC96: 6.52 | AD96: 459.6 | AE96: 91.9 | AF96: 4.13 | AH96: =MAX($D$18*100/$AC96,$D$17*100/$AF96)/200 -> 0.72639225 | AK96: =(($AK$2+Y96*Лист1!$B$7^2*Лист1!$G$8/100)/(AA96/10^6)+$AK$3/(AE96/10^6))/1000/($Q96*IF(Лист1!$J$19="да",1/1.05,1)) -> 0.30395836 | AN96: =(($AK$2+Y96*Лист1!$B$7^2*Лист1!$G$8/100)/(AA96/10^6)+$AK$3/(AE96/10^6))/1000/($Q96*IF(Лист1!$J$19="да",1/1.05,1)) -> 0.30395836 | AQ96: =MAX((5/384*($AQ$2+$Y96/100)*$D$17^4/(2.06*10^8*$Z96/10^8))/($D$17/300)*INDEX(Лист1!$L$34:$L$38,MATCH(Лист1!$B$8,Лист1!$I$34:$I$38,0),1),(5/384*($AQ$3)*$D$17^4/(2.06*10^8*$AD96/10^8))/($D$17/200)) -> 0.57257156 | AT96: =MAX((5/384*($AT$2+$Y96/100)*$D$17^4/(2.06*10^8*$Z96/10^8))/($D$17/300)*INDEX(Лист1!$L$34:$L$38,MATCH(Лист1!$B$8,Лист1!$I$34:$I$38,0),1),(5/384*($AT$3)*$D$17^4/(2.06*10^8*$AD96/10^8))/($D$17/200)) -> 0.3408164 | AV96: =IF(OR(MAX(AH96,AQ96)>1,AK96>Лист1!$B$20,N96="-"),999999999,Y96*Лист1!$B$7+0.0001*O96) -> 126.6093 | AX96: =IF(OR(MAX(AH96,AT96)>1,AN96>Лист1!$B$20,N96="-"),999999999,Y96*Лист1!$B$7+0.0001*O96) -> 126.6093
O97: =O96+1 -> 94 | P97: С245 | Q97: 240 | R97: пр.180х100х6 | S97: 180 | T97: 180 | X97: 32.1 | Y97: 25.2 | Z97: 1344.4 | AA97: 149.4 | AC97: 6.47 | AD97: 537.8 | AE97: 107.6 | AF97: 4.09 | AH97: =MAX($D$18*100/$AC97,$D$17*100/$AF97)/200 -> 0.73349633 | AK97: =(($AK$2+Y97*Лист1!$B$7^2*Лист1!$G$8/100)/(AA97/10^6)+$AK$3/(AE97/10^6))/1000/($Q97*IF(Лист1!$J$19="да",1/1.05,1)) -> 0.26432142 | AN97: =(($AK$2+Y97*Лист1!$B$7^2*Лист1!$G$8/100)/(AA97/10^6)+$AK$3/(AE97/10^6))/1000/($Q97*IF(Лист1!$J$19="да",1/1.05,1)) -> 0.26432142 | AQ97: =MAX((5/384*($AQ$2+$Y97/100)*$D$17^4/(2.06*10^8*$Z97/10^8))/($D$17/300)*INDEX(Лист1!$L$34:$L$38,MATCH(Лист1!$B$8,Лист1!$I$34:$I$38,0),1),(5/384*($AQ$3)*$D$17^4/(2.06*10^8*$AD97/10^8))/($D$17/200)) -> 0.48931552 | AT97: =MAX((5/384*($AT$2+$Y97/100)*$D$17^4/(2.06*10^8*$Z97/10^8))/($D$17/300)*INDEX(Лист1!$L$34:$L$38,MATCH(Лист1!$B$8,Лист1!$I$34:$I$38,0),1),(5/384*($AT$3)*$D$17^4/(2.06*10^8*$AD97/10^8))/($D$17/200)) -> 0.29125924 | AV97: =IF(OR(MAX(AH97,AQ97)>1,AK97>Лист1!$B$20,N97="-"),999999999,Y97*Лист1!$B$7+0.0001*O97) -> 151.2094 | AX97: =IF(OR(MAX(AH97,AT97)>1,AN97>Лист1!$B$20,N97="-"),999999999,Y97*Лист1!$B$7+0.0001*O97) -> 151.2094
N98: - | O98: =O97+1 -> 95 | P98: С245 | Q98: 240 | R98: пр.180х100х7 | S98: 180 | T98: 180 | X98: 37.2 | Y98: 29.2 | Z98: 1527.9 | AA98: 169.8 | AC98: 6.41 | AD98: 607.9 | AE98: 121.6 | AF98: 4.04 | AH98: =MAX($D$18*100/$AC98,$D$17*100/$AF98)/200 -> 0.74257426 | AK98: =(($AK$2+Y98*Лист1!$B$7^2*Лист1!$G$8/100)/(AA98/10^6)+$AK$3/(AE98/10^6))/1000/($Q98*IF(Лист1!$J$19="да",1/1.05,1)) -> 0.23782377 | AN98: =(($AK$2+Y98*Лист1!$B$7^2*Лист1!$G$8/100)/(AA98/10^6)+$AK$3/(AE98/10^6))/1000/($Q98*IF(Лист1!$J$19="да",1/1.05,1)) -> 0.23782377 | AQ98: =MAX((5/384*($AQ$2+$Y98/100)*$D$17^4/(2.06*10^8*$Z98/10^8))/($D$17/300)*INDEX(Лист1!$L$34:$L$38,MATCH(Лист1!$B$8,Лист1!$I$34:$I$38,0),1),(5/384*($AQ$3)*$D$17^4/(2.06*10^8*$AD98/10^8))/($D$17/200)) -> 0.43289009 | AT98: =MAX((5/384*($AT$2+$Y98/100)*$D$17^4/(2.06*10^8*$Z98/10^8))/($D$17/300)*INDEX(Лист1!$L$34:$L$38,MATCH(Лист1!$B$8,Лист1!$I$34:$I$38,0),1),(5/384*($AT$3)*$D$17^4/(2.06*10^8*$AD98/10^8))/($D$17/200)) -> 0.25767268 | AV98: =IF(OR(MAX(AH98,AQ98)>1,AK98>Лист1!$B$20,N98="-"),999999999,Y98*Лист1!$B$7+0.0001*O98) -> 999999999 | AX98: =IF(OR(MAX(AH98,AT98)>1,AN98>Лист1!$B$20,N98="-"),999999999,Y98*Лист1!$B$7+0.0001*O98) -> 999999999
O99: =O98+1 -> 96 | P99: С245 | Q99: 240 | R99: пр.180х100х8 | S99: 180 | T99: 180 | X99: 42.3 | Y99: 33.2 | Z99: 1706.1 | AA99: 189.6 | AC99: 6.35 | AD99: 676 | AE99: 135.2 | AF99: 4 | AH99: =MAX($D$18*100/$AC99,$D$17*100/$AF99)/200 -> 0.75 | AK99: =(($AK$2+Y99*Лист1!$B$7^2*Лист1!$G$8/100)/(AA99/10^6)+$AK$3/(AE99/10^6))/1000/($Q99*IF(Лист1!$J$19="да",1/1.05,1)) -> 0.21751387 | AN99: =(($AK$2+Y99*Лист1!$B$7^2*Лист1!$G$8/100)/(AA99/10^6)+$AK$3/(AE99/10^6))/1000/($Q99*IF(Лист1!$J$19="да",1/1.05,1)) -> 0.21751387 | AQ99: =MAX((5/384*($AQ$2+$Y99/100)*$D$17^4/(2.06*10^8*$Z99/10^8))/($D$17/300)*INDEX(Лист1!$L$34:$L$38,MATCH(Лист1!$B$8,Лист1!$I$34:$I$38,0),1),(5/384*($AQ$3)*$D$17^4/(2.06*10^8*$AD99/10^8))/($D$17/200)) -> 0.3892809 | AT99: =MAX((5/384*($AT$2+$Y99/100)*$D$17^4/(2.06*10^8*$Z99/10^8))/($D$17/300)*INDEX(Лист1!$L$34:$L$38,MATCH(Лист1!$B$8,Лист1!$I$34:$I$38,0),1),(5/384*($AT$3)*$D$17^4/(2.06*10^8*$AD99/10^8))/($D$17/200)) -> 0.23171482 | AV99: =IF(OR(MAX(AH99,AQ99)>1,AK99>Лист1!$B$20,N99="-"),999999999,Y99*Лист1!$B$7+0.0001*O99) -> 199.2096 | AX99: =IF(OR(MAX(AH99,AT99)>1,AN99>Лист1!$B$20,N99="-"),999999999,Y99*Лист1!$B$7+0.0001*O99) -> 199.2096
O100: =O99+1 -> 97 | P100: С245 | Q100: 240 | R100: пр.180х140х4 | S100: 180 | T100: 180 | X100: 24.6 | Y100: 19.3 | Z100: 1165 | AA100: 128.2 | AC100: 6.91 | AD100: 782.4 | AE100: 111.8 | AF100: 5.7 | AH100: =MAX($D$18*100/$AC100,$D$17*100/$AF100)/200 -> 0.52631579 | AK100: =(($AK$2+Y100*Лист1!$B$7^2*Лист1!$G$8/100)/(AA100/10^6)+$AK$3/(AE100/10^6))/1000/($Q100*IF(Лист1!$J$19="да",1/1.05,1)) -> 0.26532241 | AN100: =(($AK$2+Y100*Лист1!$B$7^2*Лист1!$G$8/100)/(AA100/10^6)+$AK$3/(AE100/10^6))/1000/($Q100*IF(Лист1!$J$19="да",1/1.05,1)) -> 0.26532241 | AQ100: =MAX((5/384*($AQ$2+$Y100/100)*$D$17^4/(2.06*10^8*$Z100/10^8))/($D$17/300)*INDEX(Лист1!$L$34:$L$38,MATCH(Лист1!$B$8,Лист1!$I$34:$I$38,0),1),(5/384*($AQ$3)*$D$17^4/(2.06*10^8*$AD100/10^8))/($D$17/200)) -> 0.33634188 | AT100: =MAX((5/384*($AT$2+$Y100/100)*$D$17^4/(2.06*10^8*$Z100/10^8))/($D$17/300)*INDEX(Лист1!$L$34:$L$38,MATCH(Лист1!$B$8,Лист1!$I$34:$I$38,0),1),(5/384*($AT$3)*$D$17^4/(2.06*10^8*$AD100/10^8))/($D$17/200)) -> 0.2002035 | AV100: =IF(OR(MAX(AH100,AQ100)>1,AK100>Лист1!$B$20,N100="-"),999999999,Y100*Лист1!$B$7+0.0001*O100) -> 115.8097 | AX100: =IF(OR(MAX(AH100,AT100)>1,AN100>Лист1!$B$20,N100="-"),999999999,Y100*Лист1!$B$7+0.0001*O100) -> 115.8097
O101: =O100+1 -> 98 | P101: С245 | Q101: 240 | R101: пр.180х140х5 | S101: 180 | T101: 180 | X101: 30.7 | Y101: 24.1 | Z101: 1443 | AA101: 160.3 | AC101: 6.85 | AD101: 981.2 | AE101: 140.2 | AF101: 5.65 | AH101: =MAX($D$18*100/$AC101,$D$17*100/$AF101)/200 -> 0.53097345 | AK101: =(($AK$2+Y101*Лист1!$B$7^2*Лист1!$G$8/100)/(AA101/10^6)+$AK$3/(AE101/10^6))/1000/($Q101*IF(Лист1!$J$19="да",1/1.05,1)) -> 0.21743151 | AN101: =(($AK$2+Y101*Лист1!$B$7^2*Лист1!$G$8/100)/(AA101/10^6)+$AK$3/(AE101/10^6))/1000/($Q101*IF(Лист1!$J$19="да",1/1.05,1)) -> 0.21743151 | AQ101: =MAX((5/384*($AQ$2+$Y101/100)*$D$17^4/(2.06*10^8*$Z101/10^8))/($D$17/300)*INDEX(Лист1!$L$34:$L$38,MATCH(Лист1!$B$8,Лист1!$I$34:$I$38,0),1),(5/384*($AQ$3)*$D$17^4/(2.06*10^8*$AD101/10^8))/($D$17/200)) -> 0.26819597 | AT101: =MAX((5/384*($AT$2+$Y101/100)*$D$17^4/(2.06*10^8*$Z101/10^8))/($D$17/300)*INDEX(Лист1!$L$34:$L$38,MATCH(Лист1!$B$8,Лист1!$I$34:$I$38,0),1),(5/384*($AT$3)*$D$17^4/(2.06*10^8*$AD101/10^8))/($D$17/200)) -> 0.15964046 | AV101: =IF(OR(MAX(AH101,AQ101)>1,AK101>Лист1!$B$20,N101="-"),999999999,Y101*Лист1!$B$7+0.0001*O101) -> 144.6098 | AX101: =IF(OR(MAX(AH101,AT101)>1,AN101>Лист1!$B$20,N101="-"),999999999,Y101*Лист1!$B$7+0.0001*O101) -> 144.6098
O102: =O101+1 -> 99 | P102: С245 | Q102: 240 | R102: пр.180х140х6 | S102: 180 | T102: 180 | X102: 36.8 | Y102: 28.9 | Z102: 1706.8 | AA102: 189.6 | AC102: 6.81 | AD102: 1158.9 | AE102: 165.6 | AF102: 5.61 | AH102: =MAX($D$18*100/$AC102,$D$17*100/$AF102)/200 -> 0.53475936 | AK102: =(($AK$2+Y102*Лист1!$B$7^2*Лист1!$G$8/100)/(AA102/10^6)+$AK$3/(AE102/10^6))/1000/($Q102*IF(Лист1!$J$19="да",1/1.05,1)) -> 0.18872614 | AN102: =(($AK$2+Y102*Лист1!$B$7^2*Лист1!$G$8/100)/(AA102/10^6)+$AK$3/(AE102/10^6))/1000/($Q102*IF(Лист1!$J$19="да",1/1.05,1)) -> 0.18872614 | AQ102: =MAX((5/384*($AQ$2+$Y102/100)*$D$17^4/(2.06*10^8*$Z102/10^8))/($D$17/300)*INDEX(Лист1!$L$34:$L$38,MATCH(Лист1!$B$8,Лист1!$I$34:$I$38,0),1),(5/384*($AQ$3)*$D$17^4/(2.06*10^8*$AD102/10^8))/($D$17/200)) -> 0.22707213 | AT102: =MAX((5/384*($AT$2+$Y102/100)*$D$17^4/(2.06*10^8*$Z102/10^8))/($D$17/300)*INDEX(Лист1!$L$34:$L$38,MATCH(Лист1!$B$8,Лист1!$I$34:$I$38,0),1),(5/384*($AT$3)*$D$17^4/(2.06*10^8*$AD102/10^8))/($D$17/200)) -> 0.13516198 | AV102: =IF(OR(MAX(AH102,AQ102)>1,AK102>Лист1!$B$20,N102="-"),999999999,Y102*Лист1!$B$7+0.0001*O102) -> 173.4099 | AX102: =IF(OR(MAX(AH102,AT102)>1,AN102>Лист1!$B$20,N102="-"),999999999,Y102*Лист1!$B$7+0.0001*O102) -> 173.4099
...

Sheet Лист2
A1: Предисловие
A3: Приложение Д. Коэффициенты для расчета на устойчивость центрально и внецентренно сжатых элементов
A5: Условная гибкость | B5: Значение
B6: при приведенном относительном эксцентриситете
B8: 0.1 | C8: 0.25 | D8: 0.5 | E8: 0.75 | F8: 1 | G8: 1.25 | H8: 1.5 | I8: 1.75 | J8: 2 | K8: 2.5 | L8: 3 | M8: 3.5 | N8: 4 | O8: 4.5 | P8: 5 | Q8: 5.5 | R8: 6 | S8: 6.5 | T8: 7 | U8: 7.5 | V8: 8 | W8: 8.5 | X8: 9 | Y8: 9.5 | Z8: 10 | AA8: 10.5 | AB8: 11 | AC8: 11.5 | AD8: 12 | AE8: 12.5 | AF8: 13 | AG8: 13.5 | AH8: 14 | AI8: 14.5 | AJ8: 15 | AK8: 15.5 | AL8: 16 | AM8: 16.5 | AN8: 17 | AO8: 17.5 | AP8: 18 | AQ8: 18.5 | AR8: 19 | AS8: 19.5 | AT8: 20
A9: 0.5 | B9: 967 | C9: 922 | D9: 850 | E9: 782 | F9: 722 | G9: 669 | H9: 620 | I9: 577 | J9: 538 | K9: 469 | L9: 417 | M9: 370 | N9: 337 | O9: 307 | P9: 280 | Q9: 260 | R9: 237 | S9: 222 | T9: 210 | U9: 196.5 | V9: 183 | W9: 173.5 | X9: 164 | Y9: 157 | Z9: 150 | AA9: 143.75 | AB9: 137.5 | AC9: 131.25 | AD9: 125 | AE9: 120.25 | AF9: 115.5 | AG9: 110.75 | AH9: 106 | AI9: 103.33333 | AJ9: 100.66667 | AK9: 98 | AL9: 95.333333 | AM9: 92.666667 | AN9: 90 | AO9: 87.833333 | AP9: 85.666667 | AQ9: 83.5 | AR9: 81.333333 | AS9: 79.166667 | AT9: 77
A10: 1 | B10: 925 | C10: 854 | D10: 778 | E10: 711 | F10: 653 | G10: 600 | H10: 563 | I10: 520 | J10: 484 | K10: 427 | L10: 382 | M10: 341 | N10: 307 | O10: 283 | P10: 259 | Q10: 240 | R10: 225 | S10: 209 | T10: 196 | U10: 185.5 | V10: 175 | W10: 166 | X10: 157 | Y10: 149.5 | Z10: 142 | AA10: 136.75 | AB10: 131.5 | AC10: 126.25 | AD10: 121 | AE10: 116.5 | AF10: 112 | AG10: 107.5 | AH10: 103 | AI10: 100.16667 | AJ10: 97.333333 | AK10: 94.5 | AL10: 91.666667 | AM10: 88.833333 | AN10: 86 | AO10: 84 | AP10: 82 | AQ10: 80 | AR10: 78 | AS10: 76 | AT10: 74
A11: 1.5 | B11: 875 | C11: 804 | D11: 716 | E11: 647 | F11: 593 | G11: 548 | H11: 507 | I11: 470 | J11: 439 | K11: 388 | L11: 347 | M11: 312 | N11: 283 | O11: 262 | P11: 240 | Q11: 223 | R11: 207 | S11: 195 | T11: 182 | U11: 172.5 | V11: 163 | W11: 155.5 | X11: 148 | Y11: 141 | Z11: 134 | AA11: 129 | AB11: 124 | AC11: 119 | AD11: 114 | AE11: 110.25 | AF11: 106.5 | AG11: 102.75 | AH11: 99 | AI11: 96.166667 | AJ11: 93.333333 | AK11: 90.5 | AL11: 87.666667 | AM11: 84.833333 | AN11: 82 | AO11: 80 | AP11: 78 | AQ11: 76 | AR11: 74 | AS11: 72 | AT11: 70
A12: 2 | B12: 813 | C12: 742 | D12: 653 | E12: 587 | F12: 536 | G12: 496 | H12: 457 | I12: 425 | J12: 397 | K12: 352 | L12: 315 | M12: 286 | N12: 260 | O12: 240 | P12: 222 | Q12: 206 | R12: 193 | S12: 182 | T12: 170 | U12: 161.5 | V12: 153 | W12: 145.5 | X12: 138 | Y12: 131.5 | Z12: 125 | AA12: 120.5 | AB12: 116 | AC12: 111.5 | AD12: 107 | AE12: 103.75 | AF12: 100.5 | AG12: 97.25 | AH12: 94 | AI12: 91.5 | AJ12: 89 | AK12: 86.5 | AL12: 84 | AM12: 81.5 | AN12: 79 | AO12: 77 | AP12: 75 | AQ12: 73 | AR12: 71 | AS12: 69 | AT12: 67
A13: 2.5 | B13: 742 | C13: 672 | D13: 587 | E13: 526 | F13: 480 | G13: 442 | H13: 410 | I13: 383 | J13: 357 | K13: 317 | L13: 287 | M13: 262 | N13: 238 | O13: 220 | P13: 204 | Q13: 190 | R13: 178 | S13: 168 | T13: 158 | U13: 151 | V13: 144 | W13: 137 | X13: 130 | Y13: 124 | Z13: 118 | AA13: 113.75 | AB13: 109.5 | AC13: 105.25 | AD13: 101 | AE13: 98.25 | AF13: 95.5 | AG13: 92.75 | AH13: 90 | AI13: 87.666667 | AJ13: 85.333333 | AK13: 83 | AL13: 80.666667 | AM13: 78.333333 | AN13: 76 | AO13: 74.166667 | AP13: 72.333333 | AQ13: 70.5 | AR13: 68.666667 | AS13: 66.833333 | AT13: 65
A14: 3 | B14: 667 | C14: 597 | D14: 520 | E14: 465 | F14: 425 | G14: 395 | H14: 365 | I14: 342 | J14: 320 | K14: 287 | L14: 260 | M14: 238 | N14: 217 | O14: 202 | P14: 187 | Q14: 175 | R14: 166 | S14: 156 | T14: 147 | U14: 141 | V14: 135 | W14: 129 | X14: 123 | Y14: 117.5 | Z14: 112 | AA14: 108.25 | AB14: 104.5 | AC14: 100.75 | AD14: 97 | AE14: 94.25 | AF14: 91.5 | AG14: 88.75 | AH14: 86 | AI14: 83.833333 | AJ14: 81.666667 | AK14: 79.5 | AL14: 77.333333 | AM14: 75.166667 | AN14: 73 | AO14: 71.333333 | AP14: 69.666667 | AQ14: 68 | AR14: 66.333333 | AS14: 64.666667 | AT14: 63
A15: 3.5 | B15: 587 | C15: 522 | D15: 455 | E15: 408 | F15: 375 | G15: 350 | H15: 325 | I15: 303 | J15: 287 | K15: 258 | L15: 233 | M15: 216 | N15: 198 | O15: 183 | P15: 172 | Q15: 162 | R15: 153 | S15: 145 | T15: 137 | U15: 131 | V15: 125 | W15: 120 | X15: 115 | Y15: 110.5 | Z15: 106 | AA15: 102.5 | AB15: 99 | AC15: 95.5 | AD15: 92 | AE15: 89.5 | AF15: 87 | AG15: 84.5 | AH15: 82 | AI15: 79.833333 | AJ15: 77.666667 | AK15: 75.5 | AL15: 73.333333 | AM15: 71.166667 | AN15: 69 | AO15: 67.5 | AP15: 66 | AQ15: 64.5 | AR15: 63 | AS15: 61.5 | AT15: 60
A16: 4 | B16: 505 | C16: 447 | D16: 394 | E16: 356 | F16: 330 | G16: 309 | H16: 289 | I16: 270 | J16: 256 | K16: 232 | L16: 212 | M16: 197 | N16: 181 | O16: 168 | P16: 158 | Q16: 149 | R16: 140 | S16: 135 | T16: 127 | U16: 122.5 | V16: 118 | W16: 113 | X16: 108 | Y16: 103 | Z16: 98 | AA16: 95.5 | AB16: 93 | AC16: 90.5 | AD16: 88 | AE16: 85.5 | AF16: 83 | AG16: 80.5 | AH16: 78 | AI16: 76 | AJ16: 74 | AK16: 72 | AL16: 70 | AM16: 68 | AN16: 66 | AO16: 64.5 | AP16: 63 | AQ16: 61.5 | AR16: 60 | AS16: 58.5 | AT16: 57
A17: 4.5 | B17: 418 | C17: 382 | D17: 342 | E17: 310 | F17: 288 | G17: 272 | H17: 257 | I17: 242 | J17: 229 | K17: 208 | L17: 192 | M17: 178 | N17: 165 | O17: 155 | P17: 146 | Q17: 137 | R17: 130 | S17: 125 | T17: 118 | U17: 114 | V17: 110 | W17: 105.5 | X17: 101 | Y17: 97 | Z17: 93 | AA17: 90.5 | AB17: 88 | AC17: 85.5 | AD17: 83 | AE17: 81 | AF17: 79 | AG17: 77 | AH17: 75 | AI17: 73.166667 | AJ17: 71.333333 | AK17: 69.5 | AL17: 67.666667 | AM17: 65.833333 | AN17: 64 | AO17: 62.5 | AP17: 61 | AQ17: 59.5 | AR17: 58 | AS17: 56.5 | AT17: 55
A18: 5 | B18: 354 | C18: 326 | D18: 295 | E18: 273 | F18: 253 | G18: 239 | H18: 225 | I18: 215 | J18: 205 | K18: 188 | L18: 175 | M18: 162 | N18: 150 | O18: 143 | P18: 135 | Q18: 126 | R18: 120 | S18: 117 | T18: 111 | U18: 107 | V18: 103 | W18: 99 | X18: 95 | Y18: 91.5 | Z18: 88 | AA18: 85.75 | AB18: 83.5 | AC18: 81.25 | AD18: 79 | AE18: 77.25 | AF18: 75.5 | AG18: 73.75 | AH18: 72 | AI18: 70.333333 | AJ18: 68.666667 | AK18: 67 | AL18: 65.333333 | AM18: 63.666667 | AN18: 62 | AO18: 60.5 | AP18: 59 | AQ18: 57.5 | AR18: 56 | AS18: 54.5 | AT18: 53
A19: 5.5 | B19: 302 | C19: 280 | D19: 256 | E19: 240 | F19: 224 | G19: 212 | H19: 200 | I19: 192 | J19: 184 | K19: 170 | L19: 158 | M19: 148 | N19: 138 | O19: 132 | P19: 124 | Q19: 117 | R19: 112 | S19: 108 | T19: 104 | U19: 99.5 | V19: 95 | W19: 92 | X19: 89 | Y19: 86.5 | Z19: 84 | AA19: 81.75 | AB19: 79.5 | AC19: 77.25 | AD19: 75 | AE19: 73.5 | AF19: 72 | AG19: 70.5 | AH19: 69 | AI19: 67.5 | AJ19: 66 | AK19: 64.5 | AL19: 63 | AM19: 61.5 | AN19: 60 | AO19: 58.5 | AP19: 57 | AQ19: 55.5 | AR19: 54 | AS19: 52.5 | AT19: 51
A20: 6 | B20: 258 | C20: 244 | D20: 223 | E20: 210 | F20: 198 | G20: 190 | H20: 178 | I20: 172 | J20: 166 | K20: 153 | L20: 145 | M20: 137 | N20: 128 | O20: 120 | P20: 115 | Q20: 109 | R20: 104 | S20: 100 | T20: ж | U20: ж | V20: ж | W20: ж | X20: ж | Y20: ж | Z20: ж | AA20: ж | AB20: ж | AC20: ж | AD20: ж | AE20: ж | AF20: ж | AG20: ж | AH20: ж | AI20: ж | AJ20: ж | AK20: ж | AL20: ж | AM20: ж | AN20: ж | AO20: ж | AP20: ж | AQ20: ж | AR20: ж | AS20: ж | AT20: ж
A21: 6.5 | B21: 223 | C21: 213 | D21: 196 | E21: 185 | F21: 176 | G21: 170 | H21: 160 | I21: 155 | J21: 149 | K21: 140 | L21: 132 | M21: 125 | N21: 117 | O21: 112 | P21: 106 | Q21: 101 | R21: 97 | S21: 94 | T21: ж | U21: ж | V21: ж | W21: ж | X21: ж | Y21: ж | Z21: ж | AA21: ж | AB21: ж | AC21: ж | AD21: ж | AE21: ж | AF21: ж | AG21: ж | AH21: ж | AI21: ж | AJ21: ж | AK21: ж | AL21: ж | AM21: ж | AN21: ж | AO21: ж | AP21: ж | AQ21: ж | AR21: ж | AS21: ж | AT21: ж
A22: 7 | B22: 194 | C22: 186 | D22: 173 | E22: 163 | F22: 157 | G22: 152 | H22: 145 | I22: 141 | J22: 136 | K22: 127 | L22: 121 | M22: 115 | N22: 108 | O22: 102 | P22: 98 | Q22: 94 | R22: 91 | S22: 87 | T22: ж | U22: ж | V22: ж | W22: ж | X22: ж | Y22: ж | Z22: ж | AA22: ж | AB22: ж | AC22: ж | AD22: ж | AE22: ж | AF22: ж | AG22: ж | AH22: ж | AI22: ж | AJ22: ж | AK22: ж | AL22: ж | AM22: ж | AN22: ж | AO22: ж | AP22: ж | AQ22: ж | AR22: ж | AS22: ж | AT22: ж
A23: 7.5 | B23: 173 | C23: 166 | D23: 155.5 | E23: 148 | F23: 142.5 | G23: 136.5 | H23: 131 | I23: 128 | J23: 124.5 | K23: 116.5 | L23: 110.5 | M23: 105 | N23: 99.5 | O23: 94.5 | P23: 90.5 | Q23: 87.5 | R23: 84.5 | S23: 81.5 | T23: ж | U23: ж | V23: ж | W23: ж | X23: ж | Y23: ж | Z23: ж | AA23: ж | AB23: ж | AC23: ж | AD23: ж | AE23: ж | AF23: ж | AG23: ж | AH23: ж | AI23: ж | AJ23: ж | AK23: ж | AL23: ж | AM23: ж | AN23: ж | AO23: ж | AP23: ж | AQ23: ж | AR23: ж | AS23: ж | AT23: ж
A24: 8 | B24: 152 | C24: 146 | D24: 138 | E24: 133 | F24: 128 | G24: 121 | H24: 117 | I24: 115 | J24: 113 | K24: 106 | L24: 100 | M24: 95 | N24: 91 | O24: 87 | P24: 83 | Q24: 81 | R24: 78 | S24: 76 | T24: ж | U24: ж | V24: ж | W24: ж | X24: ж | Y24: ж | Z24: ж | AA24: ж | AB24: ж | AC24: ж | AD24: ж | AE24: ж | AF24: ж | AG24: ж | AH24: ж | AI24: ж | AJ24: ж | AK24: ж | AL24: ж | AM24: ж | AN24: ж | AO24: ж | AP24: ж | AQ24: ж | AR24: ж | AS24: ж | AT24: ж
A25: 8.5 | B25: 137 | C25: 131.5 | D25: 125 | E25: 120 | F25: 115.5 | G25: 110.5 | H25: 107.5 | I25: 105.5 | J25: 103 | K25: 53 | L25: 50 | M25: 47.5 | N25: 45.5 | O25: 43.5 | P25: 41.5 | Q25: 40.5 | R25: 39 | S25: 38 | T25: ж | U25: ж | V25: ж | W25: ж | X25: ж | Y25: ж | Z25: ж | AA25: ж | AB25: ж | AC25: ж | AD25: ж | AE25: ж | AF25: ж | AG25: ж | AH25: ж | AI25: ж | AJ25: ж | AK25: ж | AL25: ж | AM25: ж | AN25: ж | AO25: ж | AP25: ж | AQ25: ж | AR25: ж | AS25: ж | AT25: ж
A26: 9 | B26: 122 | C26: 117 | D26: 112 | E26: 107 | F26: 103 | G26: 100 | H26: 98 | I26: 96 | J26: 93 | K26: ж | L26: ж | M26: ж | N26: ж | O26: ж | P26: ж | Q26: ж | R26: ж | S26: ж | T26: ж | U26: ж | V26: ж | W26: ж | X26: ж | Y26: ж | Z26: ж | AA26: ж | AB26: ж | AC26: ж | AD26: ж | AE26: ж | AF26: ж | AG26: ж | AH26: ж | AI26: ж | AJ26: ж | AK26: ж | AL26: ж | AM26: ж | AN26: ж | AO26: ж | AP26: ж | AQ26: ж | AR26: ж | AS26: ж | AT26: ж

Sheet Ветер СП
B1: Ветровой район | C1: Iа | D1: I | E1: II | F1: III | G1: IV | H1: V | I1: VI | J1: VII
B2: wo, кПа | C2: 0.17 | D2: 0.23 | E2: 0.3 | F2: 0.38 | G2: 0.48 | H2: 0.6 | I2: 0.73 | J2: 0.85
B4: Тип местности | C4: =Лист1!B14 -> А
B5: Ветровой район
B6: a= | C6: =Лист1!B10 -> 18 | D6: м
B7: b= | C7: =Лист1!B11 -> 42 | D7: м
B8: h= | C8: =Лист1!B9 -> 6 | D8: м
B9: wo= | C9: =Лист1!B15 -> 0.38 | D9: кПа
B10: h= | C10: =C8 -> 6 | D10: м
B11: k(ze)= | C11: =INDEX(N52:P63,MATCH(C10,J52:J64),MATCH(C4,N51:P51)) -> 0.8
B12: z(ze)= | C12: =INDEX(V52:X63,MATCH(C10,R52:R64),MATCH(C4,V51:X51)) -> 0.832
B13: gf= | C13: 1.4
C15: Для определения ню
C16: X | D16: =VLOOKUP(J26,$Z$68:$Z$74,1) -> 40 | E16: =INDEX($Z$68:$Z$74,MATCH(J26,$Z$68:$Z$74)+1) -> 80 | F16: =INDEX($AA$67:$AG$67, MATCH(K26,$AA$67:$AG$67)) -> 5 | G16: =INDEX($AA$67:$AG$67, MATCH(K26,$AA$67:$AG$67)+1) -> 10 | H16: =INDEX($AA$68:$AG$74,MATCH(D16,$Z$68:$Z$74),MATCH(F16,$AA$67:$AG$67)) -> 0.72 | I16: =INDEX($AA$68:$AG$74,MATCH(D16,$Z$68:$Z$74),MATCH(G16,$AA$67:$AG$67)) -> 0.72 | J16: =INDEX($AA$68:$AG$74,MATCH(E16,$Z$68:$Z$74),MATCH(F16,$AA$67:$AG$67)) -> 0.63 | K16: =INDEX($AA$68:$AG$74,MATCH(E16,$Z$68:$Z$74),MATCH(G16,$AA$67:$AG$67)) -> 0.63 | L16: =(J26-D16)/(E16-D16)*(J16-H16)+H16 -> 0.7155 | M16: =(J26-D16)/(E16-D16)*(K16-I16)+I16 -> 0.7155 | Q16: =(G16-K26)/(G16-F16)*(M16-L16)+L16 -> 0.7155
C17: Y | D17: =VLOOKUP(J27,$Z$68:$Z$74,1) -> 5 | E17: =INDEX($Z$68:$Z$74,MATCH(J27,$Z$68:$Z$74)+1) -> 10 | F17: =INDEX($AA$67:$AG$67, MATCH(K27,$AA$67:$AG$67)) -> 5 | G17: =INDEX($AA$67:$AG$67, MATCH(K27,$AA$67:$AG$67)+1) -> 10 | H17: =INDEX($AA$68:$AG$74,MATCH(D17,$Z$68:$Z$74),MATCH(F17,$AA$67:$AG$67)) -> 0.89 | I17: =INDEX($AA$68:$AG$74,MATCH(D17,$Z$68:$Z$74),MATCH(G17,$AA$67:$AG$67)) -> 0.87 | J17: =INDEX($AA$68:$AG$74,MATCH(E17,$Z$68:$Z$74),MATCH(F17,$AA$67:$AG$67)) -> 0.85 | K17: =INDEX($AA$68:$AG$74,MATCH(E17,$Z$68:$Z$74),MATCH(G17,$AA$67:$AG$67)) -> 0.84 | L17: =(J27-D17)/(E17-D17)*(J17-H17)+H17 -> 0.8724 | M17: =(J27-D17)/(E17-D17)*(K17-I17)+I17 -> 0.8568 | Q17: =(G17-K27)/(G17-F17)*(M17-L17)+L17 -> 0.85992
C18: Z | D18: =VLOOKUP(J28,$Z$68:$Z$74,1) -> 40 | E18: =INDEX($Z$68:$Z$74,MATCH(J28,$Z$68:$Z$74)+1) -> 80 | F18: =INDEX($AA$67:$AG$67, MATCH(K28,$AA$67:$AG$67)) -> 10 | G18: =INDEX($AA$67:$AG$67, MATCH(K28,$AA$67:$AG$67)+1) -> 20 | H18: =INDEX($AA$68:$AG$74,MATCH(D18,$Z$68:$Z$74),MATCH(F18,$AA$67:$AG$67)) -> 0.72 | I18: =INDEX($AA$68:$AG$74,MATCH(D18,$Z$68:$Z$74),MATCH(G18,$AA$67:$AG$67)) -> 0.7 | J18: =INDEX($AA$68:$AG$74,MATCH(E18,$Z$68:$Z$74),MATCH(F18,$AA$67:$AG$67)) -> 0.63 | K18: =INDEX($AA$68:$AG$74,MATCH(E18,$Z$68:$Z$74),MATCH(G18,$AA$67:$AG$67)) -> 0.61 | L18: =(J28-D18)/(E18-D18)*(J18-H18)+H18 -> 0.7155 | M18: =(J28-D18)/(E18-D18)*(K18-I18)+I18 -> 0.6955 | Q18: =(G18-K28)/(G18-F18)*(M18-L18)+L18 -> 0.7115
C19: X | D19: =VLOOKUP(J40,$Z$68:$Z$74,1) -> 10 | E19: =INDEX($Z$68:$Z$74,MATCH(J40,$Z$68:$Z$74)+1) -> 20 | F19: =INDEX($AA$67:$AG$67, MATCH(K39,$AA$67:$AG$67)) -> 5 | G19: =INDEX($AA$67:$AG$67, MATCH(K39,$AA$67:$AG$67)+1) -> 10 | H19: =INDEX($AA$68:$AG$74,MATCH(D19,$Z$68:$Z$74),MATCH(F19,$AA$67:$AG$67)) -> 0.85 | I19: =INDEX($AA$68:$AG$74,MATCH(D19,$Z$68:$Z$74),MATCH(G19,$AA$67:$AG$67)) -> 0.84 | J19: =INDEX($AA$68:$AG$74,MATCH(E19,$Z$68:$Z$74),MATCH(F19,$AA$67:$AG$67)) -> 0.8 | K19: =INDEX($AA$68:$AG$74,MATCH(E19,$Z$68:$Z$74),MATCH(G19,$AA$67:$AG$67)) -> 0.78 | L19: =(J40-D19)/(E19-D19)*(J19-H19)+H19 -> 0.816 | M19: =(J40-D19)/(E19-D19)*(K19-I19)+I19 -> 0.7992 | Q19: =(G19-K39)/(G19-F19)*(M19-L19)+L19 -> 0.80256
C20: Y | D20: =VLOOKUP(J39,$Z$68:$Z$74,1) -> 10 | E20: =INDEX($Z$68:$Z$74,MATCH(J39,$Z$68:$Z$74)+1) -> 20 | F20: =INDEX($AA$67:$AG$67, MATCH(K40,$AA$67:$AG$67)) -> 5 | G20: =INDEX($AA$67:$AG$67, MATCH(K40,$AA$67:$AG$67)+1) -> 10 | H20: =INDEX($AA$68:$AG$74,MATCH(D20,$Z$68:$Z$74),MATCH(F20,$AA$67:$AG$67)) -> 0.85 | I20: =INDEX($AA$68:$AG$74,MATCH(D20,$Z$68:$Z$74),MATCH(G20,$AA$67:$AG$67)) -> 0.84 | J20: =INDEX($AA$68:$AG$74,MATCH(E20,$Z$68:$Z$74),MATCH(F20,$AA$67:$AG$67)) -> 0.8 | K20: =INDEX($AA$68:$AG$74,MATCH(E20,$Z$68:$Z$74),MATCH(G20,$AA$67:$AG$67)) -> 0.78 | L20: =(J39-D20)/(E20-D20)*(J20-H20)+H20 -> 0.81 | M20: =(J39-D20)/(E20-D20)*(K20-I20)+I20 -> 0.792 | Q20: =(G20-K40)/(G20-F20)*(M20-L20)+L20 -> 0.7956
C21: Z | D21: =VLOOKUP(J41,$Z$68:$Z$74,1) -> 10 | E21: =INDEX($Z$68:$Z$74,MATCH(J41,$Z$68:$Z$74)+1) -> 20 | F21: =INDEX($AA$67:$AG$67, MATCH(K41,$AA$67:$AG$67)) -> 40 | G21: =INDEX($AA$67:$AG$67, MATCH(K41,$AA$67:$AG$67)+1) -> 80 | H21: =INDEX($AA$68:$AG$74,MATCH(D21,$Z$68:$Z$74),MATCH(F21,$AA$67:$AG$67)) -> 0.77 | I21: =INDEX($AA$68:$AG$74,MATCH(D21,$Z$68:$Z$74),MATCH(G21,$AA$67:$AG$67)) -> 0.71 | J21: =INDEX($AA$68:$AG$74,MATCH(E21,$Z$68:$Z$74),MATCH(F21,$AA$67:$AG$67)) -> 0.73 | K21: =INDEX($AA$68:$AG$74,MATCH(E21,$Z$68:$Z$74),MATCH(G21,$AA$67:$AG$67)) -> 0.68 | L21: =(J41-D21)/(E21-D21)*(J21-H21)+H21 -> 0.738 | M21: =(J41-D21)/(E21-D21)*(K21-I21)+I21 -> 0.686 | Q21: =(G21-K41)/(G21-F21)*(M21-L21)+L21 -> 0.6886
B23: ветер на длинную сторону | I23: ветер на длинную сторону
B24: Аэродинамический коэффициент и обозначение зоны | E24: Средняя составляющая кН/м2 | F24: Пульсационная составляющая кН/м2 | G24: Итого кН/м2 | I24: Определение коэффициента пространственной корреляции
B25: С= | C25: -1 | D25: A | E25: =ABS($C$9*$C$11*C25*$C$13) -> 0.4256 | F25: =E25*$C$12*$L$27 -> 0.30449698 | G25: =E25+F25 -> 0.73009698 | H25: A | J25: r | K25: c | L25: n
B26: С= | C26: -0.8 | D26: B | E26: =ABS($C$9*$C$11*C26*$C$13) -> 0.34048 | F26: =E26*$C$12*$L$27 -> 0.24359759 | G26: =E26+F26 -> 0.58407759 | H26: B | I26: X | J26: =C7 -> 42 | K26: =C8 -> 6 | L26: =Q16 -> 0.7155
B27: С= | C27: -0.5 | D27: C | E27: =ABS($C$9*$C$11*C27*$C$13) -> 0.2128 | F27: =E27*$C$12*$L$27 -> 0.15224849 | G27: =E27+F27 -> 0.36504849 | H27: C | I27: Y | J27: =0.4*C6 -> 7.2 | K27: =C8 -> 6 | L27: =Q17 -> 0.85992
B28: С= | C28: 0.8 | D28: D | E28: =ABS($C$9*$C$11*C28*$C$13) -> 0.34048 | F28: =E28*$C$12*$L$26 -> 0.20268638 | G28: =E28+F28 -> 0.54316638 | H28: D | I28: Z | J28: =C7 -> 42 | K28: =C6 -> 18 | L28: =Q18 -> 0.7115
B29: С= | C29: -0.5 | D29: E | E29: =ABS($C$9*$C$11*C29*$C$13) -> 0.2128 | F29: =E29*$C$12*$L$26 -> 0.12667899 | G29: =E29+F29 -> 0.33947899 | H29: E
B30: С= | C30: -1.8 | D30: F | E30: =ABS($C$9*$C$11*C30*$C$13) -> 0.76608 | F30: =E30*$C$12*$L$28 -> 0.45349485 | G30: =E30+F30 -> 1.2195748 | H30: F | I30: e= | J30: =MIN(C7,2*C8) -> 12 | K30: м
B31: С= | C31: -1.3 | D31: G | E31: =ABS($C$9*$C$11*C31*$C$13) -> 0.55328 | F31: =E31*$C$12*$L$28 -> 0.32752406 | G31: =E31+F31 -> 0.88080406 | H31: G | I31: e/5= | J31: =J30/5 -> 2.4 | K31: м
B32: С= | C32: -0.4 | D32: H | E32: =ABS($C$9*$C$11*C32*$C$13) -> 0.17024 | F32: =E32*$C$12*$L$28 -> 0.10077663 | G32: =E32+F32 -> 0.27101663 | H32: H | I32: e/10= | J32: =J30/10 -> 1.2 | K32: м
B33: С= | C33: -0.5 | D33: I | E33: =ABS($C$9*$C$11*C33*$C$13) -> 0.2128 | F33: =E33*$C$12*$L$28 -> 0.12597079 | G33: =E33+F33 -> 0.33877079 | H33: I
B34: С= | C34: -0.5 | D34: J | E34: =ABS($C$9*$C$11*C34*$C$13) -> 0.2128 | F34: =E34*$C$12*$L$28 -> 0.12597079 | G34: =E34+F34 -> 0.33877079 | H34: J
B35: C= | C35: 0.2 | D35: FGH+ | E35: =ABS($C$9*$C$11*C35*$C$13) -> 0.08512 | F35: =E35*$C$12*$L$27 -> 0.060899397 | G35: =E35+F35 -> 0.1460194 | H35: FGH+
B36: ветер на короткую сторону | I36: ветер на корокую сторону
B37: Аэродинамический коэффициент и обозначение зоны | E37: Средняя составляющая кН/м2 | F37: Пульсационная составляющая кН/м2 | G37: Итого кН/м2 | I37: Определение коэффициента пространственной корреляции
B38: С= | C38: -1 | D38: A | E38: =ABS($C$9*$C$11*C38*$C$13) -> 0.4256 | F38: =E38*$C$12*$L$40 -> 0.28172132 | G38: =E38+F38 -> 0.70732132 | H38: A | J38: r | K38: c | L38: n
B39: С= | C39: -0.8 | D39: B | E39: =ABS($C$9*$C$11*C39*$C$13) -> 0.34048 | F39: =E39*$C$12*$L$40 -> 0.22537706 | G39: =E39+F39 -> 0.56585706 | H39: B | I39: X | J39: =C6 -> 18 | K39: =C8 -> 6 | L39: =Q19 -> 0.80256
B40: С= | C40: -0.5 | D40: C | E40: =ABS($C$9*$C$11*C40*$C$13) -> 0.2128 | F40: =E40*$C$12*$L$40 -> 0.14086066 | G40: =E40+F40 -> 0.35366066 | H40: C | I40: Y | J40: =0.4*C7 -> 16.8 | K40: =C8 -> 6 | L40: =Q20 -> 0.7956
B41: С= | C41: 0.8 | D41: D | E41: =ABS($C$9*$C$11*C41*$C$13) -> 0.34048 | F41: =E41*$C$12*$L$39 -> 0.22734868 | G41: =E41+F41 -> 0.56782868 | H41: D | I41: Z | J41: =C6 -> 18 | K41: =C7 -> 42 | L41: =Q21 -> 0.6886
B42: С= | C42: -0.5 | D42: E | E42: =ABS($C$9*$C$11*C42*$C$13) -> 0.2128 | F42: =E42*$C$12*$L$39 -> 0.14209293 | G42: =E42+F42 -> 0.35489293 | H42: E
B43: С= | C43: -1.8 | D43: F | E43: =ABS($C$9*$C$11*C43*$C$13) -> 0.76608 | F43: =E43*$C$12*$L$41 -> 0.43889888 | G43: =E43+F43 -> 1.2049789 | H43: F | I43: e= | J43: =MIN(C6,2*C8) -> 12 | K43: м
B44: С= | C44: -1.3 | D44: G | E44: =ABS($C$9*$C$11*C44*$C$13) -> 0.55328 | F44: =E44*$C$12*$L$41 -> 0.31698252 | G44: =E44+F44 -> 0.87026252 | H44: G | I44: e/5= | J44: =J43/5 -> 2.4 | K44: м
B45: С= | C45: -0.7 | D45: H | E45: =ABS($C$9*$C$11*C45*$C$13) -> 0.29792 | F45: =E45*$C$12*$L$41 -> 0.1706829 | G45: =E45+F45 -> 0.4686029 | H45: H | I45: e/10= | J45: =J43/10 -> 1.2 | K45: м
B46: С= | C46: -0.5 | D46: I | E46: =ABS($C$9*$C$11*C46*$C$13) -> 0.2128 | F46: =E46*$C$12*$L$41 -> 0.12191635 | G46: =E46+F46 -> 0.33471635 | H46: I
J48: Определение k(ze) | R48: Определение дзетта
J49: Высота, | K49: Коэффициент k | R49: Высота, | S49: Коэффициент дзетта
J50: м | K50: для типов местности | N50: Интерполяция | R50: м | S50: для типов местности | V50: Интерполяция
K51: А | L51: В | M51: С | N51: А | O51: В | P51: С | S51: А | T51: В | U51: С | V51: А | W51: В | X51: С
F52: =5.3/400 -> 0.01325 | J52: 5 | K52: 0.75 | L52: 0.5 | M52: 0.4 | N52: =K52+(K53-K52)*($C$10-$J52)/($J53-$J52) -> 0.8 | O52: =L52+(L53-L52)*($C$10-$J52)/($J53-$J52) -> 0.53 | P52: =M52+(M53-M52)*($C$10-$J52)/($J53-$J52) -> 0.4 | R52: 5 | S52: 0.85 | T52: 1.22 | U52: 1.78 | V52: =S52+(S53-S52)*($C$10-$J52)/($J53-$J52) -> 0.832 | W52: =T52+(T53-T52)*($C$10-$J52)/($J53-$J52) -> 1.188 | X52: =U52+(U53-U52)*($C$10-$J52)/($J53-$J52) -> 1.78
J53: 10 | K53: 1 | L53: 0.65 | M53: 0.4 | N53: =K53+(K54-K53)*($C$10-$J53)/($J54-$J53) -> 0.9 | O53: =L53+(L54-L53)*($C$10-$J53)/($J54-$J53) -> 0.57 | P53: =M53+(M54-M53)*($C$10-$J53)/($J54-$J53) -> 0.34 | R53: 10 | S53: 0.76 | T53: 1.06 | U53: 1.78 | V53: =S53+(S54-S53)*($C$10-$J53)/($J54-$J53) -> 0.788 | W53: =T53+(T54-T53)*($C$10-$J53)/($J54-$J53) -> 1.116 | X53: =U53+(U54-U53)*($C$10-$J53)/($J54-$J53) -> 1.892
J54: 20 | K54: 1.25 | L54: 0.85 | M54: 0.55 | N54: =K54+(K55-K54)*($C$10-$J54)/($J55-$J54) -> 1.075 | O54: =L54+(L55-L54)*($C$10-$J54)/($J55-$J54) -> 0.675 | P54: =M54+(M55-M54)*($C$10-$J54)/($J55-$J54) -> 0.375 | R54: 20 | S54: 0.69 | T54: 0.92 | U54: 1.5 | V54: =S54+(S55-S54)*($C$10-$J54)/($J55-$J54) -> 0.739 | W54: =T54+(T55-T54)*($C$10-$J54)/($J55-$J54) -> 1.004 | X54: =U54+(U55-U54)*($C$10-$J54)/($J55-$J54) -> 1.668
J55: 40 | K55: 1.5 | L55: 1.1 | M55: 0.8 | N55: =K55+(K56-K55)*($C$10-$J55)/($J56-$J55) -> 1.16 | O55: =L55+(L56-L55)*($C$10-$J55)/($J56-$J55) -> 0.76 | P55: =M55+(M56-M55)*($C$10-$J55)/($J56-$J55) -> 0.46 | R55: 40 | S55: 0.62 | T55: 0.8 | U55: 1.26 | V55: =S55+(S56-S55)*($C$10-$J55)/($J56-$J55) -> 0.688 | W55: =T55+(T56-T55)*($C$10-$J55)/($J56-$J55) -> 0.902 | X55: =U55+(U56-U55)*($C$10-$J55)/($J56-$J55) -> 1.464
J56: 60 | K56: 1.7 | L56: 1.3 | M56: 1 | N56: =K56+(K57-K56)*($C$10-$J56)/($J57-$J56) -> 1.295 | O56: =L56+(L57-L56)*($C$10-$J56)/($J57-$J56) -> 0.895 | P56: =M56+(M57-M56)*($C$10-$J56)/($J57-$J56) -> 0.595 | R56: 60 | S56: 0.58 | T56: 0.74 | U56: 1.14 | V56: =S56+(S57-S56)*($C$10-$J56)/($J57-$J56) -> 0.634 | W56: =T56+(T57-T56)*($C$10-$J56)/($J57-$J56) -> 0.848 | X56: =U56+(U57-U56)*($C$10-$J56)/($J57-$J56) -> 1.356
J57: 80 | K57: 1.85 | L57: 1.45 | M57: 1.15 | N57: =K57+(K58-K57)*($C$10-$J57)/($J58-$J57) -> 1.295 | O57: =L57+(L58-L57)*($C$10-$J57)/($J58-$J57) -> 0.895 | P57: =M57+(M58-M57)*($C$10-$J57)/($J58-$J57) -> 0.78 | R57: 80 | S57: 0.56 | T57: 0.7 | U57: 1.06 | V57: =S57+(S58-S57)*($C$10-$J57)/($J58-$J57) -> 0.634 | W57: =T57+(T58-T57)*($C$10-$J57)/($J58-$J57) -> 0.811 | X57: =U57+(U58-U57)*($C$10-$J57)/($J58-$J57) -> 1.282
J58: 100 | K58: 2 | L58: 1.6 | M58: 1.25 | N58: =K58+(K59-K58)*($C$10-$J58)/($J59-$J58) -> 1.53 | O58: =L58+(L59-L58)*($C$10-$J58)/($J59-$J58) -> 1.036 | P58: =M58+(M59-M58)*($C$10-$J58)/($J59-$J58) -> 0.686 | R58: 100 | S58: 0.54 | T58: 0.67 | U58: 1 | V58: =S58+(S59-S58)*($C$10-$J58)/($J59-$J58) -> 0.5964 | W58: =T58+(T59-T58)*($C$10-$J58)/($J59-$J58) -> 0.764 | X58: =U58+(U59-U58)*($C$10-$J58)/($J59-$J58) -> 1.188
J59: 150 | K59: 2.25 | L59: 1.9 | M59: 1.55 | N59: =K59+(K60-K59)*($C$10-$J59)/($J60-$J59) -> 1.674 | O59: =L59+(L60-L59)*($C$10-$J59)/($J60-$J59) -> 1.324 | P59: =M59+(M60-M59)*($C$10-$J59)/($J60-$J59) -> 0.83 | R59: 150 | S59: 0.51 | T59: 0.62 | U59: 0.9 | V59: =S59+(S60-S59)*($C$10-$J59)/($J60-$J59) -> 0.5676 | W59: =T59+(T60-T59)*($C$10-$J59)/($J60-$J59) -> 0.7352 | X59: =U59+(U60-U59)*($C$10-$J59)/($J60-$J59) -> 1.0728
J60: 200 | K60: 2.45 | L60: 2.1 | M60: 1.8 | N60: =K60+(K61-K60)*($C$10-$J60)/($J61-$J60) -> 1.674 | O60: =L60+(L61-L60)*($C$10-$J60)/($J61-$J60) -> 1.324 | P60: =M60+(M61-M60)*($C$10-$J60)/($J61-$J60) -> 1.024 | R60: 200 | S60: 0.49 | T60: 0.58 | U60: 0.84 | V60: =S60+(S61-S60)*($C$10-$J60)/($J61-$J60) -> 0.5676 | W60: =T60+(T61-T60)*($C$10-$J60)/($J61-$J60) -> 0.6576 | X60: =U60+(U61-U60)*($C$10-$J60)/($J61-$J60) -> 0.9952
J61: 250 | K61: 2.65 | L61: 2.3 | M61: 2 | N61: =K61+(K62-K61)*($C$10-$J61)/($J62-$J61) -> 2.162 | O61: =L61+(L62-L61)*($C$10-$J61)/($J62-$J61) -> 1.324 | P61: =M61+(M62-M61)*($C$10-$J61)/($J62-$J61) -> 1.024 | R61: 250 | S61: 0.47 | T61: 0.56 | U61: 0.8 | V61: =S61+(S62-S61)*($C$10-$J61)/($J62-$J61) -> 0.5188 | W61: =T61+(T62-T61)*($C$10-$J61)/($J62-$J61) -> 0.6576 | X61: =U61+(U62-U61)*($C$10-$J61)/($J62-$J61) -> 0.9952
J62: 300 | K62: 2.75 | L62: 2.5 | M62: 2.2 | N62: =K62+(K63-K62)*($C$10-$J62)/($J63-$J62) -> 2.75 | O62: =L62+(L63-L62)*($C$10-$J62)/($J63-$J62) -> 1.03 | P62: =M62+(M63-M62)*($C$10-$J62)/($J63-$J62) -> 1.318 | R62: 300 | S62: 0.46 | T62: 0.54 | U62: 0.76 | V62: =S62+(S63-S62)*($C$10-$J62)/($J63-$J62) -> 0.46 | W62: =T62+(T63-T62)*($C$10-$J62)/($J63-$J62) -> 0.6576 | X62: =U62+(U63-U62)*($C$10-$J62)/($J63-$J62) -> 0.9364
J63: 350 | K63: 2.75 | L63: 2.75 | M63: 2.35 | N63: =K63+(K64-K63)*($C$10-$J63)/($J64-$J63) -> 2.75 | O63: =L63+(L64-L63)*($C$10-$J63)/($J64-$J63) -> 2.75 | P63: =M63+(M64-M63)*($C$10-$J63)/($J64-$J63) -> 1.2915385 | R63: 350 | S63: 0.46 | T63: 0.52 | U63: 0.73 | V63: =S63+(S64-S63)*($C$10-$J63)/($J64-$J63) -> 0.46 | W63: =T63+(T64-T63)*($C$10-$J63)/($J64-$J63) -> 0.57292308 | X63: =U63+(U64-U63)*($C$10-$J63)/($J64-$J63) -> 0.86230769
J64: 480 | K64: 2.75 | L64: 2.75 | M64: 2.75 | R64: 480 | S64: 0.46 | T64: 0.5 | U64: 0.68
Z66: р, м | AA66: Коэффициент n при X, м, равном | AI66: Определение ce для кровли при a=90
AA67: 5 | AB67: 10 | AC67: 20 | AD67: 40 | AE67: 80 | AF67: 160 | AG67: 350 | AI67: Уклон | AJ67: F | AK67: G | AL67: H | AM67: I
Z68: 0.1 | AA68: 0.95 | AB68: 0.92 | AC68: 0.88 | AD68: 0.83 | AE68: 0.76 | AF68: 0.67 | AG68: 0.56
Z69: 5 | AA69: 0.89 | AB69: 0.87 | AC69: 0.84 | AD69: 0.8 | AE69: 0.73 | AF69: 0.65 | AG69: 0.54 | AI69: 0° | AJ69: -1.8 | AK69: -1.3 | AL69: -0.7 | AM69: -0.5
Z70: 10 | AA70: 0.85 | AB70: 0.84 | AC70: 0.81 | AD70: 0.77 | AE70: 0.71 | AF70: 0.64 | AG70: 0.53 | AI70: 15° | AJ70: -1.3 | AK70: -1.3 | AL70: -0.6 | AM70: -0.5
Z71: 20 | AA71: 0.8 | AB71: 0.78 | AC71: 0.76 | AD71: 0.73 | AE71: 0.68 | AF71: 0.61 | AG71: 0.51 | AI71: 30° | AJ71: -1.1 | AK71: -1.4 | AL71: -0.8 | AM71: -0.5
Z72: 40 | AA72: 0.72 | AB72: 0.72 | AC72: 0.7 | AD72: 0.67 | AE72: 0.63 | AF72: 0.57 | AG72: 0.48 | AI72: 45° | AJ72: -1.1 | AK72: -1.4 | AL72: -0.9 | AM72: -0.5
Z73: 80 | AA73: 0.63 | AB73: 0.63 | AC73: 0.61 | AD73: 0.59 | AE73: 0.56 | AF73: 0.51 | AG73: 0.44 | AI73: 60° | AJ73: -1.1 | AK73: -1.2 | AL73: -0.8 | AM73: -0.5
Z74: 160 | AA74: 0.53 | AB74: 0.53 | AC74: 0.52 | AD74: 0.5 | AE74: 0.47 | AF74: 0.44 | AG74: 0.38 | AI74: 75° | AJ74: -1.1 | AK74: -1.2 | AL74: -0.8 | AM74: -0.5

Sheet Ветер по СП РК EN
Y1: Р-н | Z1: Давление, Мпа | AA1: Скорость ветра, м/с | AC1: Тип местности | AD1: Описание | AE1: z0 | AF1: zmin
A2: Тип местности | B2: =IF(Лист1!B14="А","II",IF(Лист1!B14="В","III","IV")) -> II | Y2: I | Z2: 0.25 | AA2: 20 | AC2: 0 | AD2: Моря или открытые побережья морей | AE2: 0.003 | AF2: 1 | AG2: А
A3: Ветровая нагрузка 0 | B3: =Лист1!B15 -> 0.38 | C3: кПа | Y3: II | Z3: 0.39 | AA3: 25 | AC3: I | AD3: Озера или плоская местность с незначительной растительностью без преград | AE3: 0.01 | AF3: 1 | AG3: А
A4: Базовая скорость ветра | B4: =INDEX(AA2:AA9,MATCH(B3,Z2:Z9,0),1) -> #N/A | C4: м/с | Y4: III | Z4: 0.56 | AA4: 30 | AC4: II | AD4: Открытая местность с низкой, как трава, растительностью и изолированными отдельно стоящими преградами (деревьями, зданиями), расстояние между которыми не менее20-кратного значения их высот | AE4: 0.05 | AF4: 2 | AG4: А
A5: Высота здания | B5: =Лист1!B9 -> 6 | C5: м | Y5: IV | Z5: 0.77 | AA5: 35 | AC5: III | AD5: Местность с равномерной растительностью или зданиями или преградами, расстояние между которыми не превышает 20-кратного значения их высот (деревни, пригородные зоны, протяженные лесные массивы) | AE5: 0.3 | AF5: 5 | AG5: В
A6: Ветровая нагрузка | B6: =Z27/1000 -> #N/A | C6: кПа | Y6: V | Z6: 1 | AA6: 40 | AC6: IV | AD6: Территории, в пределах которых, по крайней мере, 15 % поверхности покрыто зданиями, высота которых превышает 15 м | AE6: 1 | AF6: 10 | AG6: С
A7: Ширина здания | B7: =Лист1!B10 -> 18 | C7: м | Y7: VI | Z7: 1.26 | AA7: 45
A8: Длина здания | B8: =Лист1!B11 -> 42 | C8: м | Y8: VII | Z8: 1.56 | AA8: 50
A9: Конструкционный к-т в торец | B9: =MAX(Z47) -> #N/A | C9: давление | D9: =Z48 -> #N/A | E9: кПа | Y9: VIII | Z9: 2.25 | AA9: 60
A10: Конструкционный к-т в продольную сторону | B10: =MAX(AC47) -> #N/A | C10: давление | D10: =AC48 -> #N/A | E10: кПа
A11: Уклон кровли | B11: 6 | C11: °
A12: y | B12: 1.5
B13: Ветер в торец | D13: h/d | E13: =B5/B8 -> 0.14285714
B14: Зона | C14: cf | D14: Давление ветра | F14: e | G14: =MIN(B7,2*B5) -> 12 | H14: м
B15: A | C15: -1.2 | D15: =$D$9*C15*$B$12 -> #N/A | F15: e/5 | G15: =G14/5 -> 2.4 | H15: м | Y15: ρ | Z15: 1.25 | AA15: кг/м3
B16: B | C16: -0.8 | D16: =$D$9*C16*$B$12 -> #N/A | F16: 4/5e | G16: =4/5*G14 -> 9.6 | H16: м | Y16: c0 | Z16: 1
B17: C | C17: -0.5 | D17: =$D$9*C17*$B$12 -> #N/A | F17: d-e | G17: =B8-G14 -> 30 | H17: м | Y17: z | Z17: =B5 -> 6 | AA17: м
B18: D | C18: 0.7 | D18: =$D$9*C18*$B$12 -> #N/A | Y18: zmin | Z18: =INDEX(AF2:AF6,MATCH(B2,AC2:AC6,0),1) -> 2 | AA18: м
B19: E | C19: -0.5 | D19: =$D$9*C19*$B$12 -> #N/A | Y19: z0 | Z19: =INDEX(AE2:AE6,MATCH(B2,AC2:AC6,0),1) -> 0.05 | AA19: м
B20: F | C20: -1.6 | D20: =$D$9*C20*$B$12 -> #N/A | Y20: zmax | Z20: 200 | AA20: м
B21: G | C21: -1.3 | D21: =$D$9*C21*$B$12 -> #N/A | Y21: kr | Z21: =0.19*(Z19/AE4)^0.07 -> 0.19
B22: H | C22: -0.7 | D22: =$D$9*C22*$B$12 -> #N/A | Y22: cr(z) | Z22: =IF(AND(Z17>=Z18,Z17<=Z20),Z21*LN(Z17/Z19),Z21*LN(Z18/Z19)) -> 0.90962343
B23: I | C23: -0.6 | D23: =$D$9*C23*$B$12 -> #N/A | Y23: vm | Z23: =B4*Z22*Z16 -> #N/A | AA23: м/с
Y24: ki | Z24: 1
Y25: σv | Z25: =Z21*B4*Z24 -> #N/A
B26: Ветер в продольную стену | D26: h/d | E26: =B5/B7 -> 0.33333333 | Y26: lv(z) | Z26: =Z25/Z23 -> #N/A
B27: Зона | C27: cf | D27: Давление ветра | F27: e | G27: =MIN(B8,2*B5) -> 12 | H27: м | Y27: qp(z) | Z27: =(1+7*Z26)*0.5*Z15*Z23^2 -> #N/A | AA27: Па
B28: A | C28: -1.2 | D28: =$D$10*C28*$B$12 -> #N/A | F28: e/5 | G28: =G27/5 -> 2.4 | H28: м | Y28: zt | Z28: 200 | AA28: м
B29: B | C29: -0.8 | D29: =$D$10*C29*$B$12 -> #N/A | F29: 4/5e | G29: =4/5*G27 -> 9.6 | H29: м | Y29: Lt | Z29: 300 | AA29: м
B30: C | C30: -0.5 | D30: =$D$10*C30*$B$12 -> #N/A | F30: d-e | G30: =B7-G27 -> 6 | H30: м | Y30: α | Z30: =0.67+0.05*LN(Z19) -> 0.52021339
B31: D | C31: 0.8 | D31: =$D$10*C31*$B$12 -> #N/A | Y31: Lz | Z31: =Z29*((MAX(Z17,Z18))/Z28)^Z30 -> 48.406017
B32: E | C32: -0.5 | D32: =$D$10*C32*$B$12 -> #N/A | Y32: В^2 | Z32: =1/(1+0.9*((B7+B5)/Z31)^0.63) -> 0.63352051 | AB32: В^2 | AC32: =1/(1+0.9*((B8+B5)/Z31)^0.63) -> 0.52763857
B33: F | C33: -1.7 | D33: =$D$10*C33*$B$12 -> #N/A | Y33: n1 | Z33: =1/(2*PI())*(9.81/(B5/200))^0.5 -> 2.8780213 | AA33: Гц | AB33: n1 | AC33: =1/(2*PI())*(9.81/(B5/200))^0.5 -> 2.8780213 | AD33: Гц
B34: F | C34: 0.02 | D34: =$D$10*C34*$B$12 -> #N/A | Y34: n1 | Z34: =46/B5 -> 7.6666667 | AA34: Гц | AB34: n1 | AC34: =46/B5 -> 7.6666667 | AD34: Гц
B35: G | C35: -1.2 | D35: =$D$10*C35*$B$12 -> #N/A | Y35: n | Z35: =AVERAGE(Z33:Z34) -> 5.272344 | AA35: Гц | AB35: n | AC35: =AVERAGE(AC33:AC34) -> 5.272344 | AD35: Гц
B36: G | C36: 0.02 | D36: =$D$10*C36*$B$12 -> #N/A | Y36: fl(z,n) | Z36: =Z35*Z31/Z23 -> #N/A | AB36: fl(z,n) | AC36: =AC35*Z31/Z23 -> #N/A
B37: H | C37: -0.6 | D37: =$D$10*C37*$B$12 -> #N/A | Y37: Sl(z,n) | Z37: =6.8*Z36/(1+10.2*Z36)^(5/3) -> #N/A | AB37: Sl(z,n) | AC37: =6.8*AC36/(1+10.2*AC36)^(5/3) -> #N/A
B38: H | C38: 0.02 | D38: =$D$10*C38*$B$12 -> #N/A | Y38: ηh | Z38: =4.6*B5/Z31*Z36 -> #N/A | AB38: ηh | AC38: =4.6*B5/Z31*AC36 -> #N/A
B39: I | C39: -0.6 | D39: =$D$10*C39*$B$12 -> #N/A | Y39: ηb | Z39: =4.6*B7/Z31*Z36 -> #N/A | AB39: ηb | AC39: =4.6*B8/Z31*AC36 -> #N/A
B40: J | C40: 0.2 | D40: =$D$10*C40*$B$12 -> #N/A | Y40: Rh | Z40: =1/Z38-1/(2*Z38^2)*(1-2.718^(-2*Z38)) -> #N/A | AB40: Rh | AC40: =1/AC38-1/(2*AC38^2)*(1-2.718^(-2*AC38)) -> #N/A
B41: J | C41: -0.6 | D41: =$D$10*C41*$B$12 -> #N/A | Y41: Rb | Z41: =1/Z39-1/(2*Z39^2)*(1-2.718^(-2*Z39)) -> #N/A | AB41: Rb | AC41: =1/AC39-1/(2*AC39^2)*(1-2.718^(-2*AC39)) -> #N/A
Y42: δ | Z42: 0.3 | AB42: δ | AC42: 0.3
B43: Внутреннее давление | Y43: R^2 | Z43: =PI()^2/(2*Z42)*Z37*Z40*Z41 -> #N/A | AB43: R^2 | AC43: =PI()^2/(2*AC42)*AC37*AC40*AC41 -> #N/A
B44: cf | C44: Давление ветра | Y44: ν | Z44: =Z35*(Z43/(Z32+Z43))^0.5 -> #N/A | AA44: Гц | AB44: ν | AC44: =AC35*(AC43/(AC32+AC43))^0.5 -> #N/A | AD44: Гц
B45: 0.2 | C45: =$D$9*B45*$B$12 -> #N/A | Y45: T | Z45: 600 | AA45: c | AB45: T | AC45: 600 | AD45: c
B46: -0.3 | C46: =$D$9*B46*$B$12 -> #N/A | Y46: kp | Z46: =MAX((2*LN(Z44*Z45))^0.5,3) -> #N/A | AB46: kp | AC46: =MAX((2*LN(AC44*AC45))^0.5,3) -> #N/A
Y47: cscd | Z47: =(1+2*Z46*Z26*(Z32+Z43)^0.5)/(1+7*Z26) -> #N/A | AB47: cscd | AC47: =(1+2*AC46*Z26*(AC32+AC43)^0.5)/(1+7*Z26) -> #N/A
Y48: Fw/A | Z48: =B6*B9 -> #N/A | AB48: Fw/A | AC48: =B6*B10 -> #N/A

Sheet типы окон
